﻿CNPJ;RazaoSocial;Trimestre;Ano;ValorDespesas
316849;NAO IDENTIFICADA;1;2025;R$ 292.907,23
316903;NAO IDENTIFICADA;1;2025;R$ 25.535,00
317144;NAO IDENTIFICADA;1;2025;R$ 7.749.710,64
317896;NAO IDENTIFICADA;1;2025;R$ 298.622,88
318213;NAO IDENTIFICADA;1;2025;R$ 9.578.642,82
312720;NAO IDENTIFICADA;1;2025;R$ 76.263,74
314099;NAO IDENTIFICADA;1;2025;R$ 50.566.553,02
314251;NAO IDENTIFICADA;1;2025;R$ 107.652,14
315494;NAO IDENTIFICADA;1;2025;R$ 977.764,35
315648;NAO IDENTIFICADA;1;2025;R$ 11.037.437,84
315796;NAO IDENTIFICADA;1;2025;R$ 3.994.951,57
313084;NAO IDENTIFICADA;1;2025;R$ 790.551,44
313211;NAO IDENTIFICADA;1;2025;R$ 30.683.296,16
314668;NAO IDENTIFICADA;1;2025;R$ 1.399.887,37
315044;NAO IDENTIFICADA;1;2025;R$ 2.463.058,39
316997;NAO IDENTIFICADA;1;2025;R$ 2.843,96
314218;NAO IDENTIFICADA;1;2025;R$ 12.340,67
314366;NAO IDENTIFICADA;1;2025;R$ 806.568,16
315729;NAO IDENTIFICADA;1;2025;R$ 1.960.236,34
318388;NAO IDENTIFICADA;1;2025;R$ 816.249,41
314315;NAO IDENTIFICADA;1;2025;R$ 596.598,18
315567;NAO IDENTIFICADA;1;2025;R$ 185.749,03
316873;NAO IDENTIFICADA;1;2025;R$ 3.064.382,53
317012;NAO IDENTIFICADA;1;2025;R$ 1.327.027,81
318299;NAO IDENTIFICADA;1;2025;R$ 1.344.949,44
313475;NAO IDENTIFICADA;1;2025;R$ 57.975,57
318035;NAO IDENTIFICADA;1;2025;R$ 1.667.259,28
312851;NAO IDENTIFICADA;1;2025;R$ 13.140.738,34
315265;NAO IDENTIFICADA;1;2025;R$ 432.632,71
316148;NAO IDENTIFICADA;1;2025;R$ 566.336,21
314706;NAO IDENTIFICADA;1;2025;R$ 168.090,00
323942;NAO IDENTIFICADA;1;2025;R$ 126.826,19
318477;NAO IDENTIFICADA;1;2025;R$ 118.100,46
319121;NAO IDENTIFICADA;1;2025;R$ 147.455,86
319708;NAO IDENTIFICADA;1;2025;R$ 564.756,01
320862;NAO IDENTIFICADA;1;2025;R$ 409.460,34
321273;NAO IDENTIFICADA;1;2025;R$ 140.101.664,97
322326;NAO IDENTIFICADA;1;2025;R$ 132.298,24
322831;NAO IDENTIFICADA;1;2025;R$ 126.660,11
323055;NAO IDENTIFICADA;1;2025;R$ 15.657.912,34
323357;NAO IDENTIFICADA;1;2025;R$ 162.422,79
324175;NAO IDENTIFICADA;1;2025;R$ 506.590,39
324299;NAO IDENTIFICADA;1;2025;R$ 255.710,85
319996;NAO IDENTIFICADA;1;2025;R$ 325.879.655,03
320706;NAO IDENTIFICADA;1;2025;R$ 98.591.544,35
319180;NAO IDENTIFICADA;1;2025;R$ 1.464.241,64
321044;NAO IDENTIFICADA;1;2025;R$ 245.019.635,12
323993;NAO IDENTIFICADA;1;2025;R$ 189.632,51
321320;NAO IDENTIFICADA;1;2025;R$ 36.135,44
322890;NAO IDENTIFICADA;1;2025;R$ 6.808,84
323080;NAO IDENTIFICADA;1;2025;R$ 37.007.700,33
318566;NAO IDENTIFICADA;1;2025;R$ 478.202,48
322571;NAO IDENTIFICADA;1;2025;R$ 4.220.846,39
320251;NAO IDENTIFICADA;1;2025;R$ 5.767.974,40
321087;NAO IDENTIFICADA;1;2025;R$ 109.792,78
320897;NAO IDENTIFICADA;1;2025;R$ 774.382,54
321338;NAO IDENTIFICADA;1;2025;R$ 10.722.739,11
323926;NAO IDENTIFICADA;1;2025;R$ 457.570,01
319384;NAO IDENTIFICADA;1;2025;R$ 1.801.580,40
320820;NAO IDENTIFICADA;1;2025;R$ 151.393,39
321931;NAO IDENTIFICADA;1;2025;R$ 220.619,41
323004;NAO IDENTIFICADA;1;2025;R$ 219.723,66
316881;NAO IDENTIFICADA;1;2025;R$ 4.256.887,31
317233;NAO IDENTIFICADA;1;2025;R$ 785.704,16
313149;NAO IDENTIFICADA;1;2025;R$ 534.113,86
313751;NAO IDENTIFICADA;1;2025;R$ 2.722.206,06
315583;NAO IDENTIFICADA;1;2025;R$ 2.196.071,60
314242;NAO IDENTIFICADA;1;2025;R$ 35.804,31
314781;NAO IDENTIFICADA;1;2025;R$ 131.775,75
317632;NAO IDENTIFICADA;1;2025;R$ 181.981,55
314587;NAO IDENTIFICADA;1;2025;R$ 65.343,59
315478;NAO IDENTIFICADA;1;2025;R$ 867.343,78
316458;NAO IDENTIFICADA;1;2025;R$ 217.082,00
335690;NAO IDENTIFICADA;1;2025;R$ 33.720.979,64
335789;NAO IDENTIFICADA;1;2025;R$ 8.736.015,18
336467;NAO IDENTIFICADA;1;2025;R$ 110.084,47
337188;NAO IDENTIFICADA;1;2025;R$ 7.989.666,13
331872;NAO IDENTIFICADA;1;2025;R$ 7.543.282,94
333051;NAO IDENTIFICADA;1;2025;R$ 2.932.377,41
334511;NAO IDENTIFICADA;1;2025;R$ 3.558.328,10
334847;NAO IDENTIFICADA;1;2025;R$ 4.395,00
335592;NAO IDENTIFICADA;1;2025;R$ 5.038.320,56
337498;NAO IDENTIFICADA;1;2025;R$ 17.291.994,50
333239;NAO IDENTIFICADA;1;2025;R$ 327.877,36
333689;NAO IDENTIFICADA;1;2025;R$ 435.530,46
334154;NAO IDENTIFICADA;1;2025;R$ 597.587,50
335100;NAO IDENTIFICADA;1;2025;R$ 27.335.201,81
335215;NAO IDENTIFICADA;1;2025;R$ 31.074.591,17
335517;NAO IDENTIFICADA;1;2025;R$ 3.197.738,37
337561;NAO IDENTIFICADA;1;2025;R$ 546.525,89
334561;NAO IDENTIFICADA;1;2025;R$ 17.755.126,73
335614;NAO IDENTIFICADA;1;2025;R$ 348.229.978,42
336017;NAO IDENTIFICADA;1;2025;R$ 5.013,27
336831;NAO IDENTIFICADA;1;2025;R$ 116.398,19
337668;NAO IDENTIFICADA;1;2025;R$ 3.615.341,11
333808;NAO IDENTIFICADA;1;2025;R$ 2.505,58
335258;NAO IDENTIFICADA;1;2025;R$ 22.964,70
335541;NAO IDENTIFICADA;1;2025;R$ 1.392.535,79
336106;NAO IDENTIFICADA;1;2025;R$ 5.966.910,16
337374;NAO IDENTIFICADA;1;2025;R$ 2.309.171,58
331988;NAO IDENTIFICADA;1;2025;R$ 6.573.559,52
333867;NAO IDENTIFICADA;1;2025;R$ 550.228,39
335479;NAO IDENTIFICADA;1;2025;R$ 941.819,42
336858;NAO IDENTIFICADA;1;2025;R$ 1.911.102,20
331651;NAO IDENTIFICADA;1;2025;R$ 18.853.216,42
333662;NAO IDENTIFICADA;1;2025;R$ 1.198.346,90
334243;NAO IDENTIFICADA;1;2025;R$ 470.387,29
335754;NAO IDENTIFICADA;1;2025;R$ 492.811,95
335657;NAO IDENTIFICADA;1;2025;R$ 235.582,42
333875;NAO IDENTIFICADA;1;2025;R$ 424.700,74
343404;NAO IDENTIFICADA;1;2025;R$ 430.767,00
338648;NAO IDENTIFICADA;1;2025;R$ 108.328,25
339679;NAO IDENTIFICADA;1;2025;R$ 13.997.537,39
340952;NAO IDENTIFICADA;1;2025;R$ 24.679,56
342033;NAO IDENTIFICADA;1;2025;R$ 5.899.547,90
342556;NAO IDENTIFICADA;1;2025;R$ 354.671,49
343269;NAO IDENTIFICADA;1;2025;R$ 8.808.575,95
343722;NAO IDENTIFICADA;1;2025;R$ 34.339,83
343765;NAO IDENTIFICADA;1;2025;R$ 44.010,62
342131;NAO IDENTIFICADA;1;2025;R$ 218.011,05
342343;NAO IDENTIFICADA;1;2025;R$ 190.934,18
343463;NAO IDENTIFICADA;1;2025;R$ 1.478.651,89
344141;NAO IDENTIFICADA;1;2025;R$ 912.829,78
337871;NAO IDENTIFICADA;1;2025;R$ 127.064,70
340251;NAO IDENTIFICADA;1;2025;R$ 17.797.777,18
342955;NAO IDENTIFICADA;1;2025;R$ 424.710,61
343056;NAO IDENTIFICADA;1;2025;R$ 64.238,16
344184;NAO IDENTIFICADA;1;2025;R$ 886.413,49
339954;NAO IDENTIFICADA;1;2025;R$ 11.411.473,41
344362;NAO IDENTIFICADA;1;2025;R$ 848.355,65
339458;NAO IDENTIFICADA;1;2025;R$ 371.543,52
342611;NAO IDENTIFICADA;1;2025;R$ 7.742.953,71
343676;NAO IDENTIFICADA;1;2025;R$ 1.440.372,20
343889;NAO IDENTIFICADA;1;2025;R$ 97.597.009,78
340782;NAO IDENTIFICADA;1;2025;R$ 3.344.218,16
341819;NAO IDENTIFICADA;1;2025;R$ 135.990,34
342084;NAO IDENTIFICADA;1;2025;R$ 17.779.756,07
343064;NAO IDENTIFICADA;1;2025;R$ 629.506,48
342157;NAO IDENTIFICADA;1;2025;R$ 102.001,19
324213;NAO IDENTIFICADA;1;2025;R$ 3.224.002,95
323268;NAO IDENTIFICADA;1;2025;R$ 172.002,99
319872;NAO IDENTIFICADA;1;2025;R$ 1.496.755,94
320838;NAO IDENTIFICADA;1;2025;R$ 28.357,76
321125;NAO IDENTIFICADA;1;2025;R$ 1.513.118,46
324159;NAO IDENTIFICADA;1;2025;R$ 34.528,20
321958;NAO IDENTIFICADA;1;2025;R$ 1.112.945,54
319422;NAO IDENTIFICADA;1;2025;R$ 271.336,94
477;NAO IDENTIFICADA;1;2025;R$ 31.333.410,20
884;NAO IDENTIFICADA;1;2025;R$ 82.496.034,50
701;NAO IDENTIFICADA;1;2025;R$ 2.358.832,86
5711;NAO IDENTIFICADA;1;2025;R$ 227.309.708,58
515;NAO IDENTIFICADA;1;2025;R$ 2.060.374,34
582;NAO IDENTIFICADA;1;2025;R$ 8.844.367,74
329339;NAO IDENTIFICADA;1;2025;R$ 9.612.000,48
329886;NAO IDENTIFICADA;1;2025;R$ 364.848,19
330809;NAO IDENTIFICADA;1;2025;R$ 2.240,81
331341;NAO IDENTIFICADA;1;2025;R$ 1.635.732,91
324493;NAO IDENTIFICADA;1;2025;R$ 244.770,52
325031;NAO IDENTIFICADA;1;2025;R$ 727.754,97
325465;NAO IDENTIFICADA;1;2025;R$ 8.838.786,07
326305;NAO IDENTIFICADA;1;2025;R$ 22.822.823,47
326755;NAO IDENTIFICADA;1;2025;R$ 7.058.427,49
327352;NAO IDENTIFICADA;1;2025;R$ 184.738,27
327468;NAO IDENTIFICADA;1;2025;R$ 328.518,63
327689;NAO IDENTIFICADA;1;2025;R$ 1.059.355,29
328308;NAO IDENTIFICADA;1;2025;R$ 91.303,80
330264;NAO IDENTIFICADA;1;2025;R$ 212.424,81
324345;NAO IDENTIFICADA;1;2025;R$ 1.156.491,30
330892;NAO IDENTIFICADA;1;2025;R$ 5.108,07
325571;NAO IDENTIFICADA;1;2025;R$ 1.550.712,73
330108;NAO IDENTIFICADA;1;2025;R$ 781.456,55
324523;NAO IDENTIFICADA;1;2025;R$ 30.752,71
327557;NAO IDENTIFICADA;1;2025;R$ 943.910,99
325082;NAO IDENTIFICADA;1;2025;R$ 4.883.813,47
325236;NAO IDENTIFICADA;1;2025;R$ 21.381.591,99
328031;NAO IDENTIFICADA;1;2025;R$ 204.079,78
328375;NAO IDENTIFICADA;1;2025;R$ 77.301,61
330281;NAO IDENTIFICADA;1;2025;R$ 28.232,71
324566;NAO IDENTIFICADA;1;2025;R$ 968.525,65
331104;NAO IDENTIFICADA;1;2025;R$ 8.503,78
324361;NAO IDENTIFICADA;1;2025;R$ 1.629.075,86
326861;NAO IDENTIFICADA;1;2025;R$ 4.675.965,61
328294;NAO IDENTIFICADA;1;2025;R$ 1.196.360,39
417599;NAO IDENTIFICADA;1;2025;R$ 396.824,57
417947;NAO IDENTIFICADA;1;2025;R$ 2.825.178,32
418072;NAO IDENTIFICADA;1;2025;R$ 569.046,18
415944;NAO IDENTIFICADA;1;2025;R$ 3.132,44
416738;NAO IDENTIFICADA;1;2025;R$ 928.412,08
417106;NAO IDENTIFICADA;1;2025;R$ 52.418,28
417211;NAO IDENTIFICADA;1;2025;R$ 16.285.548,66
418129;NAO IDENTIFICADA;1;2025;R$ 213.684,90
416525;NAO IDENTIFICADA;1;2025;R$ 772.298,31
417220;NAO IDENTIFICADA;1;2025;R$ 35.259,84
418137;NAO IDENTIFICADA;1;2025;R$ 2.877.325,00
417505;NAO IDENTIFICADA;1;2025;R$ 7.934.541,08
417955;NAO IDENTIFICADA;1;2025;R$ 93.099,52
416568;NAO IDENTIFICADA;1;2025;R$ 8.943.908,34
415987;NAO IDENTIFICADA;1;2025;R$ 97.486,50
416428;NAO IDENTIFICADA;1;2025;R$ 20.419,33
417131;NAO IDENTIFICADA;1;2025;R$ 129.531,93
417815;NAO IDENTIFICADA;1;2025;R$ 111.222,70
416410;NAO IDENTIFICADA;1;2025;R$ 4.322,78
416801;NAO IDENTIFICADA;1;2025;R$ 1.304,18
417297;NAO IDENTIFICADA;1;2025;R$ 719.532,98
417475;NAO IDENTIFICADA;1;2025;R$ 194.385,26
417530;NAO IDENTIFICADA;1;2025;R$ 162.168,40
418021;NAO IDENTIFICADA;1;2025;R$ 137.993,54
416398;NAO IDENTIFICADA;1;2025;R$ 3.876,16
416584;NAO IDENTIFICADA;1;2025;R$ 898.969,52
415910;NAO IDENTIFICADA;1;2025;R$ 570,69
417661;NAO IDENTIFICADA;1;2025;R$ 41.476,67
417491;NAO IDENTIFICADA;1;2025;R$ 16.796,81
417548;NAO IDENTIFICADA;1;2025;R$ 1.751.182,24
416690;NAO IDENTIFICADA;1;2025;R$ 985.370,24
416401;NAO IDENTIFICADA;1;2025;R$ 3.953.776,21
416495;NAO IDENTIFICADA;1;2025;R$ 342.007,40
417831;NAO IDENTIFICADA;1;2025;R$ 26.037,64
417173;NAO IDENTIFICADA;1;2025;R$ 66.245,90
415936;NAO IDENTIFICADA;1;2025;R$ 11.395,07
417092;NAO IDENTIFICADA;1;2025;R$ 5,38
419419;NAO IDENTIFICADA;1;2025;R$ 8.154.111,43
419524;NAO IDENTIFICADA;1;2025;R$ 195.502,52
419753;NAO IDENTIFICADA;1;2025;R$ 1.967.815,52
418501;NAO IDENTIFICADA;1;2025;R$ 67.442,79
418803;NAO IDENTIFICADA;1;2025;R$ 1.223.746,80
419052;NAO IDENTIFICADA;1;2025;R$ 235,71
419141;NAO IDENTIFICADA;1;2025;R$ 152.239,73
418218;NAO IDENTIFICADA;1;2025;R$ 114.758,73
418617;NAO IDENTIFICADA;1;2025;R$ 14.762,44
419079;NAO IDENTIFICADA;1;2025;R$ 669.516,29
419150;NAO IDENTIFICADA;1;2025;R$ 17.752,23
419427;NAO IDENTIFICADA;1;2025;R$ 581.606,50
418650;NAO IDENTIFICADA;1;2025;R$ 12.737.291,40
419010;NAO IDENTIFICADA;1;2025;R$ 97.151.125,76
419958;NAO IDENTIFICADA;1;2025;R$ 341.890,75
418226;NAO IDENTIFICADA;1;2025;R$ 14.242,87
418994;NAO IDENTIFICADA;1;2025;R$ 84.043,36
419281;NAO IDENTIFICADA;1;2025;R$ 102.870,83
419249;NAO IDENTIFICADA;1;2025;R$ 5.033.326,83
419591;NAO IDENTIFICADA;1;2025;R$ 5.312,16
419851;NAO IDENTIFICADA;1;2025;R$ 380.627,16
418820;NAO IDENTIFICADA;1;2025;R$ 9.014,01
419354;NAO IDENTIFICADA;1;2025;R$ 885.408,64
419486;NAO IDENTIFICADA;1;2025;R$ 1.696.196,41
418285;NAO IDENTIFICADA;1;2025;R$ 112.847,60
418552;NAO IDENTIFICADA;1;2025;R$ 32.296,83
418731;NAO IDENTIFICADA;1;2025;R$ 61.288,52
419133;NAO IDENTIFICADA;1;2025;R$ 31.092.730,98
419699;NAO IDENTIFICADA;1;2025;R$ 619.581,08
418919;NAO IDENTIFICADA;1;2025;R$ 1.920.305,96
418170;NAO IDENTIFICADA;1;2025;R$ 2.485,56
418374;NAO IDENTIFICADA;1;2025;R$ 1.571.663,01
418587;NAO IDENTIFICADA;1;2025;R$ 226.651,09
419516;NAO IDENTIFICADA;1;2025;R$ 41.064,44
418749;NAO IDENTIFICADA;1;2025;R$ 28.803,60
419028;NAO IDENTIFICADA;1;2025;R$ 87.820,81
415014;NAO IDENTIFICADA;1;2025;R$ 622.218,05
415111;NAO IDENTIFICADA;1;2025;R$ 3.463.313,18
415243;NAO IDENTIFICADA;1;2025;R$ 19,72
415901;NAO IDENTIFICADA;1;2025;R$ 95.926,54
412252;NAO IDENTIFICADA;1;2025;R$ 109.559,04
413160;NAO IDENTIFICADA;1;2025;R$ 142.927,33
413372;NAO IDENTIFICADA;1;2025;R$ 819.498,92
414310;NAO IDENTIFICADA;1;2025;R$ 278,90
414573;NAO IDENTIFICADA;1;2025;R$ 5.416.429,82
411256;NAO IDENTIFICADA;1;2025;R$ 13.296.905,42
413747;NAO IDENTIFICADA;1;2025;R$ 1.024.378,27
414352;NAO IDENTIFICADA;1;2025;R$ 12.736,20
414662;NAO IDENTIFICADA;1;2025;R$ 1.719.919,85
414689;NAO IDENTIFICADA;1;2025;R$ 5.333,09
413283;NAO IDENTIFICADA;1;2025;R$ 1.044.671,99
413429;NAO IDENTIFICADA;1;2025;R$ 1.569.532,78
415626;NAO IDENTIFICADA;1;2025;R$ 107.189,28
411752;NAO IDENTIFICADA;1;2025;R$ 4.536.930,49
411809;NAO IDENTIFICADA;1;2025;R$ 666.279,26
412295;NAO IDENTIFICADA;1;2025;R$ 45.514,38
414026;NAO IDENTIFICADA;1;2025;R$ 246.469,06
413267;NAO IDENTIFICADA;1;2025;R$ 6.083,23
413518;NAO IDENTIFICADA;1;2025;R$ 143.593,83
414581;NAO IDENTIFICADA;1;2025;R$ 388.879,76
414701;NAO IDENTIFICADA;1;2025;R$ 313.839,19
411868;NAO IDENTIFICADA;1;2025;R$ 14.785,47
414387;NAO IDENTIFICADA;1;2025;R$ 17.811,64
412635;NAO IDENTIFICADA;1;2025;R$ 166.665,39
415065;NAO IDENTIFICADA;1;2025;R$ 19.883,78
408263;NAO IDENTIFICADA;1;2025;R$ 181,96
408794;NAO IDENTIFICADA;1;2025;R$ 7.756.918,99
409405;NAO IDENTIFICADA;1;2025;R$ 390.935,65
410128;NAO IDENTIFICADA;1;2025;R$ 520.929,07
411248;NAO IDENTIFICADA;1;2025;R$ 104.673,43
393533;NAO IDENTIFICADA;1;2025;R$ 318.635,40
397245;NAO IDENTIFICADA;1;2025;R$ 251.416,72
406481;NAO IDENTIFICADA;1;2025;R$ 22.089.332,33
406937;NAO IDENTIFICADA;1;2025;R$ 147.710,73
407534;NAO IDENTIFICADA;1;2025;R$ 566.638,15
408522;NAO IDENTIFICADA;1;2025;R$ 126.247,84
385697;NAO IDENTIFICADA;1;2025;R$ 5.796.571,92
386901;NAO IDENTIFICADA;1;2025;R$ 33.349,79
389854;NAO IDENTIFICADA;1;2025;R$ 106.070,10
402206;NAO IDENTIFICADA;1;2025;R$ 2.336,45
407569;NAO IDENTIFICADA;1;2025;R$ 7.464,56
409413;NAO IDENTIFICADA;1;2025;R$ 1.047,17
394734;NAO IDENTIFICADA;1;2025;R$ 18.467.837,74
401081;NAO IDENTIFICADA;1;2025;R$ 107.814,10
410292;NAO IDENTIFICADA;1;2025;R$ 19.636,27
406554;NAO IDENTIFICADA;1;2025;R$ 595.738,74
390259;NAO IDENTIFICADA;1;2025;R$ 95.396,18
402966;NAO IDENTIFICADA;1;2025;R$ 12.284.077,28
406945;NAO IDENTIFICADA;1;2025;R$ 699.592,48
409634;NAO IDENTIFICADA;1;2025;R$ 1.027,94
386588;NAO IDENTIFICADA;1;2025;R$ 2.824.427,21
410608;NAO IDENTIFICADA;1;2025;R$ 416.348,68
387185;NAO IDENTIFICADA;1;2025;R$ 5.640,83
392804;NAO IDENTIFICADA;1;2025;R$ 523.251,29
408026;NAO IDENTIFICADA;1;2025;R$ 140.465,36
401480;NAO IDENTIFICADA;1;2025;R$ 47.290,28
406635;NAO IDENTIFICADA;1;2025;R$ 278.661,28
409243;NAO IDENTIFICADA;1;2025;R$ 1.250.907,41
388092;NAO IDENTIFICADA;1;2025;R$ 522.923,33
403962;NAO IDENTIFICADA;1;2025;R$ 3.032.352,41
409791;NAO IDENTIFICADA;1;2025;R$ 101.121,00
408034;NAO IDENTIFICADA;1;2025;R$ 227.454,23
410624;NAO IDENTIFICADA;1;2025;R$ 38.073,41
385620;NAO IDENTIFICADA;1;2025;R$ 39.031,50
406805;NAO IDENTIFICADA;1;2025;R$ 6.442,57
407011;NAO IDENTIFICADA;1;2025;R$ 171.420.458,00
395480;NAO IDENTIFICADA;1;2025;R$ 12.735.992,61
404241;NAO IDENTIFICADA;1;2025;R$ 17.981,50
409286;NAO IDENTIFICADA;1;2025;R$ 78.676,84
410110;NAO IDENTIFICADA;1;2025;R$ 670.434,78
386596;NAO IDENTIFICADA;1;2025;R$ 1.716.495,67
408093;NAO IDENTIFICADA;1;2025;R$ 31.084,35
389358;NAO IDENTIFICADA;1;2025;R$ 265.047,45
406813;NAO IDENTIFICADA;1;2025;R$ 249.258,13
407224;NAO IDENTIFICADA;1;2025;R$ 1.879.195,03
410888;NAO IDENTIFICADA;1;2025;R$ 28.607,22
402001;NAO IDENTIFICADA;1;2025;R$ 485.727,94
414905;NAO IDENTIFICADA;1;2025;R$ 3.095.985,19
415693;NAO IDENTIFICADA;1;2025;R$ 728.535,10
413534;NAO IDENTIFICADA;1;2025;R$ 763.567,74
415081;NAO IDENTIFICADA;1;2025;R$ 61.725,43
414212;NAO IDENTIFICADA;1;2025;R$ 587.745,54
414492;NAO IDENTIFICADA;1;2025;R$ 630.078,68
414654;NAO IDENTIFICADA;1;2025;R$ 35.978,64
411582;NAO IDENTIFICADA;1;2025;R$ 54.443,32
412015;NAO IDENTIFICADA;1;2025;R$ 295.706,94
412759;NAO IDENTIFICADA;1;2025;R$ 5.383.803,63
413330;NAO IDENTIFICADA;1;2025;R$ 160.775,04
414930;NAO IDENTIFICADA;1;2025;R$ 12.490,45
415774;NAO IDENTIFICADA;1;2025;R$ 950.523,05
412058;NAO IDENTIFICADA;1;2025;R$ 88.591,09
412996;NAO IDENTIFICADA;1;2025;R$ 795.255,46
413721;NAO IDENTIFICADA;1;2025;R$ 530.098,14
353663;NAO IDENTIFICADA;1;2025;R$ 95.707.596,61
353876;NAO IDENTIFICADA;1;2025;R$ 10.035.306,19
354066;NAO IDENTIFICADA;1;2025;R$ 94.217.661,51
354295;NAO IDENTIFICADA;1;2025;R$ 1.873.701,76
354511;NAO IDENTIFICADA;1;2025;R$ 37.821.427,92
350346;NAO IDENTIFICADA;1;2025;R$ 551.216,23
351407;NAO IDENTIFICADA;1;2025;R$ 2.711.805,11
351792;NAO IDENTIFICADA;1;2025;R$ 88.076,09
352314;NAO IDENTIFICADA;1;2025;R$ 469.138,30
352501;NAO IDENTIFICADA;1;2025;R$ 48.565.061,86
352543;NAO IDENTIFICADA;1;2025;R$ 34.153.131,60
353060;NAO IDENTIFICADA;1;2025;R$ 104.938,60
350648;NAO IDENTIFICADA;1;2025;R$ 651.005,58
350770;NAO IDENTIFICADA;1;2025;R$ 2.509,71
353027;NAO IDENTIFICADA;1;2025;R$ 465.235,76
354562;NAO IDENTIFICADA;1;2025;R$ 41.785.372,20
353698;NAO IDENTIFICADA;1;2025;R$ 102.641,15
354031;NAO IDENTIFICADA;1;2025;R$ 2.576.269,61
354279;NAO IDENTIFICADA;1;2025;R$ 852.500,80
354619;NAO IDENTIFICADA;1;2025;R$ 79.831,64
352179;NAO IDENTIFICADA;1;2025;R$ 162.880,43
353264;NAO IDENTIFICADA;1;2025;R$ 5.396,84
351776;NAO IDENTIFICADA;1;2025;R$ 7.138.221,99
352331;NAO IDENTIFICADA;1;2025;R$ 1.440.215,77
352519;NAO IDENTIFICADA;1;2025;R$ 336.743,30
352586;NAO IDENTIFICADA;1;2025;R$ 13.572.783,30
350371;NAO IDENTIFICADA;1;2025;R$ 1.780.406,64
353353;NAO IDENTIFICADA;1;2025;R$ 476.568,27
354325;NAO IDENTIFICADA;1;2025;R$ 1.417.566,91
351202;NAO IDENTIFICADA;1;2025;R$ 1.350.073,26
327638;NAO IDENTIFICADA;1;2025;R$ 32.508,60
330566;NAO IDENTIFICADA;1;2025;R$ 383.876,72
326500;NAO IDENTIFICADA;1;2025;R$ 152.851,47
329355;NAO IDENTIFICADA;1;2025;R$ 302.525,02
331317;NAO IDENTIFICADA;1;2025;R$ 342.079,26
327417;NAO IDENTIFICADA;1;2025;R$ 2.272.042,58
327328;NAO IDENTIFICADA;1;2025;R$ 8.220,53
328537;NAO IDENTIFICADA;1;2025;R$ 54.721,00
330116;NAO IDENTIFICADA;1;2025;R$ 28.526,48
324477;NAO IDENTIFICADA;1;2025;R$ 2.530.146,07
350249;NAO IDENTIFICADA;1;2025;R$ 1.790.677,80
352683;NAO IDENTIFICADA;1;2025;R$ 287.594,57
350494;NAO IDENTIFICADA;1;2025;R$ 3.480.680,30
350699;NAO IDENTIFICADA;1;2025;R$ 1.445.555,31
351270;NAO IDENTIFICADA;1;2025;R$ 33.821,76
304131;NAO IDENTIFICADA;1;2025;R$ 28.161.018,18
304395;NAO IDENTIFICADA;1;2025;R$ 27.739.091,64
304484;NAO IDENTIFICADA;1;2025;R$ 14.295.423,68
304883;NAO IDENTIFICADA;1;2025;R$ 1.132.565,85
305421;NAO IDENTIFICADA;1;2025;R$ 834.787,73
6246;NAO IDENTIFICADA;1;2025;R$ 6.360.692.010,44
300713;NAO IDENTIFICADA;1;2025;R$ 503.461,96
301574;NAO IDENTIFICADA;1;2025;R$ 52.519.092,22
301744;NAO IDENTIFICADA;1;2025;R$ 35.552,52
302147;NAO IDENTIFICADA;1;2025;R$ 1.414.729.129,27
303739;NAO IDENTIFICADA;1;2025;R$ 1.094.971,31
303976;NAO IDENTIFICADA;1;2025;R$ 3.700.837,76
301060;NAO IDENTIFICADA;1;2025;R$ 14.557.179,87
302953;NAO IDENTIFICADA;1;2025;R$ 98.326.890,27
304212;NAO IDENTIFICADA;1;2025;R$ 60.703,54
303356;NAO IDENTIFICADA;1;2025;R$ 15.219.823,76
304051;NAO IDENTIFICADA;1;2025;R$ 973.842,81
304441;NAO IDENTIFICADA;1;2025;R$ 1.991.799,98
304531;NAO IDENTIFICADA;1;2025;R$ 84.344,79
301124;NAO IDENTIFICADA;1;2025;R$ 253.422,29
302228;NAO IDENTIFICADA;1;2025;R$ 30.899,30
303844;NAO IDENTIFICADA;1;2025;R$ 468.412,61
305472;NAO IDENTIFICADA;1;2025;R$ 1.348.897,10
300136;NAO IDENTIFICADA;1;2025;R$ 1.082.330,10
301728;NAO IDENTIFICADA;1;2025;R$ 8.211,92
301949;NAO IDENTIFICADA;1;2025;R$ 1.137.184,63
303178;NAO IDENTIFICADA;1;2025;R$ 51.465,94
304344;NAO IDENTIFICADA;1;2025;R$ 1.064.010,02
304468;NAO IDENTIFICADA;1;2025;R$ 2.153.357,83
304701;NAO IDENTIFICADA;1;2025;R$ 28.212.155,92
305227;NAO IDENTIFICADA;1;2025;R$ 2.530.692,26
300730;NAO IDENTIFICADA;1;2025;R$ 307.247,20
302627;NAO IDENTIFICADA;1;2025;R$ 176.320,53
311391;NAO IDENTIFICADA;1;2025;R$ 2.769.928,51
311715;NAO IDENTIFICADA;1;2025;R$ 33.784.242,51
311944;NAO IDENTIFICADA;1;2025;R$ 7.795.606,64
312363;NAO IDENTIFICADA;1;2025;R$ 13.246,23
305626;NAO IDENTIFICADA;1;2025;R$ 1.686.960,97
306398;NAO IDENTIFICADA;1;2025;R$ 2.352.733,41
307319;NAO IDENTIFICADA;1;2025;R$ 681.852,17
309087;NAO IDENTIFICADA;1;2025;R$ 182.254,09
309524;NAO IDENTIFICADA;1;2025;R$ 83.855,55
311057;NAO IDENTIFICADA;1;2025;R$ 2.540.988,46
311359;NAO IDENTIFICADA;1;2025;R$ 421.208,13
312282;NAO IDENTIFICADA;1;2025;R$ 643.619,43
306126;NAO IDENTIFICADA;1;2025;R$ 31.834,26
310239;NAO IDENTIFICADA;1;2025;R$ 351.542,13
311618;NAO IDENTIFICADA;1;2025;R$ 993.608,85
312592;NAO IDENTIFICADA;1;2025;R$ 183.937,10
307751;NAO IDENTIFICADA;1;2025;R$ 68.599,55
310247;NAO IDENTIFICADA;1;2025;R$ 5.743.189,28
306886;NAO IDENTIFICADA;1;2025;R$ 3.461.856,13
311847;NAO IDENTIFICADA;1;2025;R$ 1.056.829,93
311961;NAO IDENTIFICADA;1;2025;R$ 43.660.020,62
305928;NAO IDENTIFICADA;1;2025;R$ 111.501,61
309907;NAO IDENTIFICADA;1;2025;R$ 3.544.641,61
311146;NAO IDENTIFICADA;1;2025;R$ 94.206,36
312347;NAO IDENTIFICADA;1;2025;R$ 2.261.893,85
308811;NAO IDENTIFICADA;1;2025;R$ 2.478,93
311375;NAO IDENTIFICADA;1;2025;R$ 40.917,34
306754;NAO IDENTIFICADA;1;2025;R$ 838.937,69
306045;NAO IDENTIFICADA;1;2025;R$ 93.753,82
310522;NAO IDENTIFICADA;1;2025;R$ 12.249,88
343684;NAO IDENTIFICADA;1;2025;R$ 1.654.796,91
343731;NAO IDENTIFICADA;1;2025;R$ 172.297,53
341941;NAO IDENTIFICADA;1;2025;R$ 11.090,23
342807;NAO IDENTIFICADA;1;2025;R$ 5.169.899,43
342386;NAO IDENTIFICADA;1;2025;R$ 41.416,22
343129;NAO IDENTIFICADA;1;2025;R$ 9.227,39
343331;NAO IDENTIFICADA;1;2025;R$ 864.935,66
338346;NAO IDENTIFICADA;1;2025;R$ 76.022,48
340162;NAO IDENTIFICADA;1;2025;R$ 410.868,55
342203;NAO IDENTIFICADA;1;2025;R$ 37.516,85
343153;NAO IDENTIFICADA;1;2025;R$ 247.118,62
348180;NAO IDENTIFICADA;1;2025;R$ 14.580.386,54
348261;NAO IDENTIFICADA;1;2025;R$ 601,18
348520;NAO IDENTIFICADA;1;2025;R$ 1.777.703,87
349682;NAO IDENTIFICADA;1;2025;R$ 873.870,62
344788;NAO IDENTIFICADA;1;2025;R$ 198.713,69
344915;NAO IDENTIFICADA;1;2025;R$ 40.552,25
345458;NAO IDENTIFICADA;1;2025;R$ 155.735,61
345709;NAO IDENTIFICADA;1;2025;R$ 29.741.042,65
346004;NAO IDENTIFICADA;1;2025;R$ 4.283.389,41
346659;NAO IDENTIFICADA;1;2025;R$ 6.822.317,74
347795;NAO IDENTIFICADA;1;2025;R$ 1.377.650,17
344397;NAO IDENTIFICADA;1;2025;R$ 90.339.321,23
344800;NAO IDENTIFICADA;1;2025;R$ 76.860.965,34
346209;NAO IDENTIFICADA;1;2025;R$ 1.083.893,26
346951;NAO IDENTIFICADA;1;2025;R$ 15.655.349,67
347604;NAO IDENTIFICADA;1;2025;R$ 2.027.886,48
350141;NAO IDENTIFICADA;1;2025;R$ 6.224.433,56
347655;NAO IDENTIFICADA;1;2025;R$ 200.273,64
347825;NAO IDENTIFICADA;1;2025;R$ 5.010,01
348295;NAO IDENTIFICADA;1;2025;R$ 1.231.246,92
348830;NAO IDENTIFICADA;1;2025;R$ 5.067.351,47
345091;NAO IDENTIFICADA;1;2025;R$ 137.652,85
345741;NAO IDENTIFICADA;1;2025;R$ 134.449,48
347108;NAO IDENTIFICADA;1;2025;R$ 2.662.891,93
348244;NAO IDENTIFICADA;1;2025;R$ 3.144.224,93
344451;NAO IDENTIFICADA;1;2025;R$ 238.926,98
345598;NAO IDENTIFICADA;1;2025;R$ 3.502.457,18
346870;NAO IDENTIFICADA;1;2025;R$ 15.323,34
348082;NAO IDENTIFICADA;1;2025;R$ 2.536.813,89
349712;NAO IDENTIFICADA;1;2025;R$ 10.188.851,29
345776;NAO IDENTIFICADA;1;2025;R$ 19.776,30
346276;NAO IDENTIFICADA;1;2025;R$ 10.117.914,36
347507;NAO IDENTIFICADA;1;2025;R$ 5.468.578,82
347736;NAO IDENTIFICADA;1;2025;R$ 116.318,29
349534;NAO IDENTIFICADA;1;2025;R$ 1.931.324,01
344729;NAO IDENTIFICADA;1;2025;R$ 1.243.632,85
346926;NAO IDENTIFICADA;1;2025;R$ 10.527.472,78
344885;NAO IDENTIFICADA;1;2025;R$ 2.443.559,70
345318;NAO IDENTIFICADA;1;2025;R$ 1.108.448,04
423564;NAO IDENTIFICADA;1;2025;R$ 125,00
423718;NAO IDENTIFICADA;1;2025;R$ 4.823.111,70
423629;NAO IDENTIFICADA;1;2025;R$ 208.422,65
424170;NAO IDENTIFICADA;1;2025;R$ 17.297,43
423815;NAO IDENTIFICADA;1;2025;R$ 5.582,14
423912;NAO IDENTIFICADA;1;2025;R$ 8.160,00
424048;NAO IDENTIFICADA;1;2025;R$ 30.862,13
423645;NAO IDENTIFICADA;1;2025;R$ 2.352,34
423432;NAO IDENTIFICADA;1;2025;R$ 848.570,21
423661;NAO IDENTIFICADA;1;2025;R$ 445.799,61
423700;NAO IDENTIFICADA;1;2025;R$ 5.484,53
423548;NAO IDENTIFICADA;1;2025;R$ 178.827,80
304123;NAO IDENTIFICADA;1;2025;R$ 198.238,50
303267;NAO IDENTIFICADA;1;2025;R$ 1.093.090,40
303623;NAO IDENTIFICADA;1;2025;R$ 15.742.983,60
309222;NAO IDENTIFICADA;1;2025;R$ 25.503.139,22
312126;NAO IDENTIFICADA;1;2025;R$ 15.448,94
306762;NAO IDENTIFICADA;1;2025;R$ 1.182.606,84
306100;NAO IDENTIFICADA;1;2025;R$ 1.437.217,38
311294;NAO IDENTIFICADA;1;2025;R$ 423.618,76
310981;NAO IDENTIFICADA;1;2025;R$ 1.308.216,08
309028;NAO IDENTIFICADA;1;2025;R$ 14.858.048,52
423319;NAO IDENTIFICADA;1;2025;R$ 1.314,80
422053;NAO IDENTIFICADA;1;2025;R$ 24.651.078,92
422355;NAO IDENTIFICADA;1;2025;R$ 135.200,24
422487;NAO IDENTIFICADA;1;2025;R$ 466.736,77
422681;NAO IDENTIFICADA;1;2025;R$ 23.867.702,76
423262;NAO IDENTIFICADA;1;2025;R$ 9.961,12
421766;NAO IDENTIFICADA;1;2025;R$ 13.248.066,98
422151;NAO IDENTIFICADA;1;2025;R$ 21.048,36
422835;NAO IDENTIFICADA;1;2025;R$ 154.526,04
423408;NAO IDENTIFICADA;1;2025;R$ 376.454,29
422070;NAO IDENTIFICADA;1;2025;R$ 197.737,47
422134;NAO IDENTIFICADA;1;2025;R$ 86.044,72
422371;NAO IDENTIFICADA;1;2025;R$ 16.982,18
422746;NAO IDENTIFICADA;1;2025;R$ 177.047,57
421871;NAO IDENTIFICADA;1;2025;R$ 111.974,68
423173;NAO IDENTIFICADA;1;2025;R$ 397.322,73
423335;NAO IDENTIFICADA;1;2025;R$ 3.081,69
422304;NAO IDENTIFICADA;1;2025;R$ 807.846,53
422754;NAO IDENTIFICADA;1;2025;R$ 415.767,83
422584;NAO IDENTIFICADA;1;2025;R$ 244.900,05
421928;NAO IDENTIFICADA;1;2025;R$ 8.942.320,82
422321;NAO IDENTIFICADA;1;2025;R$ 1.658.866,81
422762;NAO IDENTIFICADA;1;2025;R$ 90.629,83
423181;NAO IDENTIFICADA;1;2025;R$ 35.905,71
422088;NAO IDENTIFICADA;1;2025;R$ 631.984,39
422398;NAO IDENTIFICADA;1;2025;R$ 35.329,27
421341;NAO IDENTIFICADA;1;2025;R$ 8.144,05
421421;NAO IDENTIFICADA;1;2025;R$ 697.142,15
421707;NAO IDENTIFICADA;1;2025;R$ 43.697,21
421715;NAO IDENTIFICADA;1;2025;R$ 480.608,90
421723;NAO IDENTIFICADA;1;2025;R$ 490.266,37
420000;NAO IDENTIFICADA;1;2025;R$ 793.354,47
420051;NAO IDENTIFICADA;1;2025;R$ 250.403,13
420093;NAO IDENTIFICADA;1;2025;R$ 1.046.807,97
420166;NAO IDENTIFICADA;1;2025;R$ 44.169.153,85
420981;NAO IDENTIFICADA;1;2025;R$ 16.200,88
420930;NAO IDENTIFICADA;1;2025;R$ 68.410,71
421561;NAO IDENTIFICADA;1;2025;R$ 46.998,20
420701;NAO IDENTIFICADA;1;2025;R$ 320.246,79
421154;NAO IDENTIFICADA;1;2025;R$ 3.660.649,58
421359;NAO IDENTIFICADA;1;2025;R$ 15.878,69
421731;NAO IDENTIFICADA;1;2025;R$ 40.186,94
420786;NAO IDENTIFICADA;1;2025;R$ 1.855.289,59
421189;NAO IDENTIFICADA;1;2025;R$ 84.565,63
421197;NAO IDENTIFICADA;1;2025;R$ 23.701.189,83
421618;NAO IDENTIFICADA;1;2025;R$ 263,28
420123;NAO IDENTIFICADA;1;2025;R$ 1.377,79
420841;NAO IDENTIFICADA;1;2025;R$ 2.848,80
421367;NAO IDENTIFICADA;1;2025;R$ 110.914,13
421634;NAO IDENTIFICADA;1;2025;R$ 162.774,81
420816;NAO IDENTIFICADA;1;2025;R$ 10.497,48
421642;NAO IDENTIFICADA;1;2025;R$ 225,39
420077;NAO IDENTIFICADA;1;2025;R$ 243.513,10
420158;NAO IDENTIFICADA;1;2025;R$ 2.825.114,17
421006;NAO IDENTIFICADA;1;2025;R$ 83.015,30
419974;NAO IDENTIFICADA;1;2025;R$ 12.454,27
420085;NAO IDENTIFICADA;1;2025;R$ 834.638,60
423351;NAO IDENTIFICADA;1;2025;R$ 618.928,22
422959;NAO IDENTIFICADA;1;2025;R$ 13.764,84
423203;NAO IDENTIFICADA;1;2025;R$ 46.809,01
421944;NAO IDENTIFICADA;1;2025;R$ 1.516.666,19
422339;NAO IDENTIFICADA;1;2025;R$ 44.081,40
422631;NAO IDENTIFICADA;1;2025;R$ 1.292.511,94
422771;NAO IDENTIFICADA;1;2025;R$ 479.711,11
422029;NAO IDENTIFICADA;1;2025;R$ 2.431.757,73
422479;NAO IDENTIFICADA;1;2025;R$ 23.322,73
422827;NAO IDENTIFICADA;1;2025;R$ 188.375,16
358096;NAO IDENTIFICADA;1;2025;R$ 9.918.618,28
358436;NAO IDENTIFICADA;1;2025;R$ 280.730,02
360414;NAO IDENTIFICADA;1;2025;R$ 15.225.102,20
354783;NAO IDENTIFICADA;1;2025;R$ 4.844.078,22
355577;NAO IDENTIFICADA;1;2025;R$ 382.099,20
356581;NAO IDENTIFICADA;1;2025;R$ 1.407.421,45
357391;NAO IDENTIFICADA;1;2025;R$ 18.858.806,52
357511;NAO IDENTIFICADA;1;2025;R$ 241.599.986,26
358053;NAO IDENTIFICADA;1;2025;R$ 13.069.639,11
359289;NAO IDENTIFICADA;1;2025;R$ 38.608.164,19
355097;NAO IDENTIFICADA;1;2025;R$ 97.102,53
355721;NAO IDENTIFICADA;1;2025;R$ 2.352.119,23
356417;NAO IDENTIFICADA;1;2025;R$ 308.926,20
359033;NAO IDENTIFICADA;1;2025;R$ 108.934,16
360244;NAO IDENTIFICADA;1;2025;R$ 494.065,97
355593;NAO IDENTIFICADA;1;2025;R$ 335.753,27
358754;NAO IDENTIFICADA;1;2025;R$ 399.408,16
359661;NAO IDENTIFICADA;1;2025;R$ 1.941.525,79
357138;NAO IDENTIFICADA;1;2025;R$ 6.494,20
358282;NAO IDENTIFICADA;1;2025;R$ 141.030,53
354627;NAO IDENTIFICADA;1;2025;R$ 1.212.214,01
357669;NAO IDENTIFICADA;1;2025;R$ 135.239,52
358088;NAO IDENTIFICADA;1;2025;R$ 1.344.701,23
357022;NAO IDENTIFICADA;1;2025;R$ 786.715,13
357260;NAO IDENTIFICADA;1;2025;R$ 1.481.307,63
357715;NAO IDENTIFICADA;1;2025;R$ 1.003.566,40
359017;NAO IDENTIFICADA;1;2025;R$ 17.203.933,16
359122;NAO IDENTIFICADA;1;2025;R$ 505.163,94
355151;NAO IDENTIFICADA;1;2025;R$ 1.368.476,25
355691;NAO IDENTIFICADA;1;2025;R$ 15.993.421,29
359777;NAO IDENTIFICADA;1;2025;R$ 3.908.557,04
360449;NAO IDENTIFICADA;1;2025;R$ 32.556.943,41
354678;NAO IDENTIFICADA;1;2025;R$ 354.184,55
354996;NAO IDENTIFICADA;1;2025;R$ 104.254,19
356123;NAO IDENTIFICADA;1;2025;R$ 590.183,41
358339;NAO IDENTIFICADA;1;2025;R$ 17.160,30
356476;NAO IDENTIFICADA;1;2025;R$ 1.884.719,20
380661;NAO IDENTIFICADA;1;2025;R$ 466.252,71
382639;NAO IDENTIFICADA;1;2025;R$ 456.873,43
385255;NAO IDENTIFICADA;1;2025;R$ 1.390.055,89
368920;NAO IDENTIFICADA;1;2025;R$ 163.171,80
370070;NAO IDENTIFICADA;1;2025;R$ 15.932.420,45
371106;NAO IDENTIFICADA;1;2025;R$ 985.122,65
371629;NAO IDENTIFICADA;1;2025;R$ 474.903,67
378216;NAO IDENTIFICADA;1;2025;R$ 748.673,42
384577;NAO IDENTIFICADA;1;2025;R$ 10.071.734,49
368253;NAO IDENTIFICADA;1;2025;R$ 29.322.364,89
369411;NAO IDENTIFICADA;1;2025;R$ 39.431.119,43
371254;NAO IDENTIFICADA;1;2025;R$ 189.073.136,20
372561;NAO IDENTIFICADA;1;2025;R$ 290.987,28
379280;NAO IDENTIFICADA;1;2025;R$ 50.080.008,11
370568;NAO IDENTIFICADA;1;2025;R$ 39.468,59
370711;NAO IDENTIFICADA;1;2025;R$ 6.386,81
382655;NAO IDENTIFICADA;1;2025;R$ 790.449,23
369292;NAO IDENTIFICADA;1;2025;R$ 3.580.853,72
381144;NAO IDENTIFICADA;1;2025;R$ 45.795,07
370592;NAO IDENTIFICADA;1;2025;R$ 864.859,24
370975;NAO IDENTIFICADA;1;2025;R$ 640.251,70
382876;NAO IDENTIFICADA;1;2025;R$ 17.742.206,07
369659;NAO IDENTIFICADA;1;2025;R$ 11.528.052,30
382281;NAO IDENTIFICADA;1;2025;R$ 580.648,07
371777;NAO IDENTIFICADA;1;2025;R$ 71.358,84
372609;NAO IDENTIFICADA;1;2025;R$ 2.541.663,87
365645;NAO IDENTIFICADA;1;2025;R$ 38.268,01
366439;NAO IDENTIFICADA;1;2025;R$ 1.214.144,17
367087;NAO IDENTIFICADA;1;2025;R$ 10.960,83
367613;NAO IDENTIFICADA;1;2025;R$ 206.886,01
360783;NAO IDENTIFICADA;1;2025;R$ 803,97
361569;NAO IDENTIFICADA;1;2025;R$ 4.060.608,92
363286;NAO IDENTIFICADA;1;2025;R$ 516.839,72
364070;NAO IDENTIFICADA;1;2025;R$ 393,62
366064;NAO IDENTIFICADA;1;2025;R$ 329.247,69
361941;NAO IDENTIFICADA;1;2025;R$ 179.816,08
362832;NAO IDENTIFICADA;1;2025;R$ 304.928,81
366561;NAO IDENTIFICADA;1;2025;R$ 4.770.784,29
368148;NAO IDENTIFICADA;1;2025;R$ 48.749,38
364312;NAO IDENTIFICADA;1;2025;R$ 4.493.771,48
361593;NAO IDENTIFICADA;1;2025;R$ 139.399,59
364592;NAO IDENTIFICADA;1;2025;R$ 25.268,16
365238;NAO IDENTIFICADA;1;2025;R$ 570.855,94
365777;NAO IDENTIFICADA;1;2025;R$ 1.841.422,48
363391;NAO IDENTIFICADA;1;2025;R$ 148.077,54
361011;NAO IDENTIFICADA;1;2025;R$ 2.278.446,58
366340;NAO IDENTIFICADA;1;2025;R$ 72.277,70
367095;NAO IDENTIFICADA;1;2025;R$ 6.032.320,01
361615;NAO IDENTIFICADA;1;2025;R$ 1.506.055,94
364860;NAO IDENTIFICADA;1;2025;R$ 5.889.238,45
362140;NAO IDENTIFICADA;1;2025;R$ 3.534.116,74
365530;NAO IDENTIFICADA;1;2025;R$ 49.068,66
367397;NAO IDENTIFICADA;1;2025;R$ 1.391.125,51
363855;NAO IDENTIFICADA;1;2025;R$ 924.758,48
361461;NAO IDENTIFICADA;1;2025;R$ 641.353,48
363189;NAO IDENTIFICADA;1;2025;R$ 7.162,64
362573;NAO IDENTIFICADA;1;2025;R$ 252.914,36
364584;NAO IDENTIFICADA;1;2025;R$ 5.712.630,61
365785;NAO IDENTIFICADA;1;2025;R$ 11.421,21
370681;NAO IDENTIFICADA;1;2025;R$ 2.368.501,91
371564;NAO IDENTIFICADA;1;2025;R$ 630.842,98
379956;NAO IDENTIFICADA;1;2025;R$ 15.356.485,77
382540;NAO IDENTIFICADA;1;2025;R$ 7.645,06
384704;NAO IDENTIFICADA;1;2025;R$ 11.234,95
370088;NAO IDENTIFICADA;1;2025;R$ 124.575,35
368555;NAO IDENTIFICADA;1;2025;R$ 308.393,28
374440;NAO IDENTIFICADA;1;2025;R$ 2.682.467,25
421928;NAO IDENTIFICADA;2;2025;R$ 1.267.236,81
422070;NAO IDENTIFICADA;2;2025;R$ 6.515.492,48
422371;NAO IDENTIFICADA;2;2025;R$ 1.416.837,43
422487;NAO IDENTIFICADA;2;2025;R$ 720.911,22
422681;NAO IDENTIFICADA;2;2025;R$ 399.938,86
422771;NAO IDENTIFICADA;2;2025;R$ 522.028,14
422959;NAO IDENTIFICADA;2;2025;R$ 2.523.386,55
419249;NAO IDENTIFICADA;2;2025;R$ 129.695,95
419354;NAO IDENTIFICADA;2;2025;R$ 267.253,68
419486;NAO IDENTIFICADA;2;2025;R$ 1.031.368,10
419699;NAO IDENTIFICADA;2;2025;R$ 20.909.502,19
420077;NAO IDENTIFICADA;2;2025;R$ 145.464.612,84
420158;NAO IDENTIFICADA;2;2025;R$ 2.811.674,83
420816;NAO IDENTIFICADA;2;2025;R$ 15.334,82
421634;NAO IDENTIFICADA;2;2025;R$ 2.226.702,12
421707;NAO IDENTIFICADA;2;2025;R$ 6.286.661,14
422304;NAO IDENTIFICADA;2;2025;R$ 849.439,73
421871;NAO IDENTIFICADA;2;2025;R$ 5.256.018,08
422134;NAO IDENTIFICADA;2;2025;R$ 866.655,66
422151;NAO IDENTIFICADA;2;2025;R$ 8.299.016,61
422355;NAO IDENTIFICADA;2;2025;R$ 1.563.711,30
422479;NAO IDENTIFICADA;2;2025;R$ 21.166,79
422762;NAO IDENTIFICADA;2;2025;R$ 10.363.465,64
424048;NAO IDENTIFICADA;2;2025;R$ 17.245,15
424188;NAO IDENTIFICADA;2;2025;R$ 353.271.873,16
419133;NAO IDENTIFICADA;2;2025;R$ 33.209.630,59
420786;NAO IDENTIFICADA;2;2025;R$ 20.329,28
421189;NAO IDENTIFICADA;2;2025;R$ 942.929,76
421367;NAO IDENTIFICADA;2;2025;R$ 80.874,31
421618;NAO IDENTIFICADA;2;2025;R$ 2.793.703,73
423262;NAO IDENTIFICADA;2;2025;R$ 39.259,60
420051;NAO IDENTIFICADA;2;2025;R$ 11.364,53
421197;NAO IDENTIFICADA;2;2025;R$ 363.452,02
309222;NAO IDENTIFICADA;2;2025;R$ 1.012.863.450,12
309907;NAO IDENTIFICADA;2;2025;R$ 8.898.190,83
310239;NAO IDENTIFICADA;2;2025;R$ 11.611.087,22
310522;NAO IDENTIFICADA;2;2025;R$ 3.467,61
311146;NAO IDENTIFICADA;2;2025;R$ 31.679.139,96
311375;NAO IDENTIFICADA;2;2025;R$ 613.506,72
311847;NAO IDENTIFICADA;2;2025;R$ 1.089.193,26
312282;NAO IDENTIFICADA;2;2025;R$ 20.166.934,09
312592;NAO IDENTIFICADA;2;2025;R$ 204.486,01
312720;NAO IDENTIFICADA;2;2025;R$ 259.007,04
313084;NAO IDENTIFICADA;2;2025;R$ 839.310,42
313211;NAO IDENTIFICADA;2;2025;R$ 264.700,52
314099;NAO IDENTIFICADA;2;2025;R$ 2.214.749,79
314587;NAO IDENTIFICADA;2;2025;R$ 21.543.354,74
314706;NAO IDENTIFICADA;2;2025;R$ 178.288,25
315044;NAO IDENTIFICADA;2;2025;R$ 2.981.525,08
315478;NAO IDENTIFICADA;2;2025;R$ 908.916,50
315567;NAO IDENTIFICADA;2;2025;R$ 92.627.693,39
315729;NAO IDENTIFICADA;2;2025;R$ 2.531.252,47
315796;NAO IDENTIFICADA;2;2025;R$ 1.093.971,64
316458;NAO IDENTIFICADA;2;2025;R$ 237.656,44
319121;NAO IDENTIFICADA;2;2025;R$ 19.494.657,92
319180;NAO IDENTIFICADA;2;2025;R$ 1.523.075,38
319384;NAO IDENTIFICADA;2;2025;R$ 1.742.270,45
319422;NAO IDENTIFICADA;2;2025;R$ 218.861,16
319708;NAO IDENTIFICADA;2;2025;R$ 27.675,57
320820;NAO IDENTIFICADA;2;2025;R$ 25.506.097,09
320838;NAO IDENTIFICADA;2;2025;R$ 10.008,93
320862;NAO IDENTIFICADA;2;2025;R$ 2.880.558,34
320897;NAO IDENTIFICADA;2;2025;R$ 7.824,98
582;NAO IDENTIFICADA;2;2025;R$ 2.885.892.838,06
884;NAO IDENTIFICADA;2;2025;R$ 2.201.000,00
6246;NAO IDENTIFICADA;2;2025;R$ 12.991.834.225,43
300713;NAO IDENTIFICADA;2;2025;R$ 1.511.264,03
301060;NAO IDENTIFICADA;2;2025;R$ 203.014,09
301728;NAO IDENTIFICADA;2;2025;R$ 1.768.465,63
301949;NAO IDENTIFICADA;2;2025;R$ 11.053.425,77
302627;NAO IDENTIFICADA;2;2025;R$ 21.190.646,00
303178;NAO IDENTIFICADA;2;2025;R$ 13.458.021,35
303356;NAO IDENTIFICADA;2;2025;R$ 1.696,51
303844;NAO IDENTIFICADA;2;2025;R$ 54.924,20
304051;NAO IDENTIFICADA;2;2025;R$ 59.146.901,36
304344;NAO IDENTIFICADA;2;2025;R$ 1.160.504,01
304441;NAO IDENTIFICADA;2;2025;R$ 8.312.125,58
304531;NAO IDENTIFICADA;2;2025;R$ 109.455,52
304883;NAO IDENTIFICADA;2;2025;R$ 1.358.087,21
305626;NAO IDENTIFICADA;2;2025;R$ 13.215.734,31
308811;NAO IDENTIFICADA;2;2025;R$ 339.719,89
311618;NAO IDENTIFICADA;2;2025;R$ 53.333.951,92
311961;NAO IDENTIFICADA;2;2025;R$ 44.770.758,99
321044;NAO IDENTIFICADA;2;2025;R$ 5.891.565,52
321087;NAO IDENTIFICADA;2;2025;R$ 100.458,90
321273;NAO IDENTIFICADA;2;2025;R$ 9.128.972,12
317144;NAO IDENTIFICADA;2;2025;R$ 365.616,88
317233;NAO IDENTIFICADA;2;2025;R$ 785.704,16
317632;NAO IDENTIFICADA;2;2025;R$ 41.810,86
317896;NAO IDENTIFICADA;2;2025;R$ 1.133.882,40
5711;NAO IDENTIFICADA;2;2025;R$ 86.339.293,90
301574;NAO IDENTIFICADA;2;2025;R$ 149.223,72
305472;NAO IDENTIFICADA;2;2025;R$ 356.204,69
306126;NAO IDENTIFICADA;2;2025;R$ 32.520,86
306398;NAO IDENTIFICADA;2;2025;R$ 288.261.820,87
306762;NAO IDENTIFICADA;2;2025;R$ 84.686.163,51
307319;NAO IDENTIFICADA;2;2025;R$ 5.430.649,68
352501;NAO IDENTIFICADA;2;2025;R$ 32.670.978,97
352586;NAO IDENTIFICADA;2;2025;R$ 13.468.302,81
353027;NAO IDENTIFICADA;2;2025;R$ 64.011,83
353876;NAO IDENTIFICADA;2;2025;R$ 333.270,07
354066;NAO IDENTIFICADA;2;2025;R$ 6.361.707,77
354627;NAO IDENTIFICADA;2;2025;R$ 1.295.959,95
354783;NAO IDENTIFICADA;2;2025;R$ 6.360.946,92
355577;NAO IDENTIFICADA;2;2025;R$ 340.074,42
356581;NAO IDENTIFICADA;2;2025;R$ 28.495.124,67
357022;NAO IDENTIFICADA;2;2025;R$ 906.892,37
357138;NAO IDENTIFICADA;2;2025;R$ 74.632.588,33
357260;NAO IDENTIFICADA;2;2025;R$ 99.267.795,01
357391;NAO IDENTIFICADA;2;2025;R$ 30.757.090,38
357669;NAO IDENTIFICADA;2;2025;R$ 38.564,40
358053;NAO IDENTIFICADA;2;2025;R$ 16.723,04
358754;NAO IDENTIFICADA;2;2025;R$ 174.368,83
359033;NAO IDENTIFICADA;2;2025;R$ 3.475.113,70
359661;NAO IDENTIFICADA;2;2025;R$ 2.499.825,91
359777;NAO IDENTIFICADA;2;2025;R$ 225.322,55
360244;NAO IDENTIFICADA;2;2025;R$ 140.863.112,50
360449;NAO IDENTIFICADA;2;2025;R$ 35.439.723,69
361593;NAO IDENTIFICADA;2;2025;R$ 5.917.346,12
361941;NAO IDENTIFICADA;2;2025;R$ 171.825,06
365777;NAO IDENTIFICADA;2;2025;R$ 5.373.851,73
366064;NAO IDENTIFICADA;2;2025;R$ 1.710.523,58
345776;NAO IDENTIFICADA;2;2025;R$ 647.321,62
346209;NAO IDENTIFICADA;2;2025;R$ 58.813.712,55
347108;NAO IDENTIFICADA;2;2025;R$ 48.970,43
347655;NAO IDENTIFICADA;2;2025;R$ 56.410.643,92
348082;NAO IDENTIFICADA;2;2025;R$ 2.637.244,88
348295;NAO IDENTIFICADA;2;2025;R$ 1.286.686,52
349682;NAO IDENTIFICADA;2;2025;R$ 1.446.414,53
350346;NAO IDENTIFICADA;2;2025;R$ 1.025.272,21
350699;NAO IDENTIFICADA;2;2025;R$ 61.336.936,88
352519;NAO IDENTIFICADA;2;2025;R$ 8.253.237,64
353663;NAO IDENTIFICADA;2;2025;R$ 201.701.701,87
355097;NAO IDENTIFICADA;2;2025;R$ 1.751.237,80
357511;NAO IDENTIFICADA;2;2025;R$ 737.693,29
358282;NAO IDENTIFICADA;2;2025;R$ 17.667.871,55
360783;NAO IDENTIFICADA;2;2025;R$ 613,52
361461;NAO IDENTIFICADA;2;2025;R$ 653.745,04
362573;NAO IDENTIFICADA;2;2025;R$ 19.381.473,61
369659;NAO IDENTIFICADA;2;2025;R$ 254.957.127,42
370070;NAO IDENTIFICADA;2;2025;R$ 1.903.271,93
366340;NAO IDENTIFICADA;2;2025;R$ 147.350,57
366439;NAO IDENTIFICADA;2;2025;R$ 1.522.845,92
346926;NAO IDENTIFICADA;2;2025;R$ 10.851.980,05
348244;NAO IDENTIFICADA;2;2025;R$ 3.457.193,95
350141;NAO IDENTIFICADA;2;2025;R$ 1.323.570,78
350648;NAO IDENTIFICADA;2;2025;R$ 664.043,28
351270;NAO IDENTIFICADA;2;2025;R$ 17.572.258,72
351776;NAO IDENTIFICADA;2;2025;R$ 46.646,57
351792;NAO IDENTIFICADA;2;2025;R$ 249.691,20
309524;NAO IDENTIFICADA;2;2025;R$ 68.049,91
311715;NAO IDENTIFICADA;2;2025;R$ 1.433.258,53
312126;NAO IDENTIFICADA;2;2025;R$ 60.569,12
312347;NAO IDENTIFICADA;2;2025;R$ 71.925.901,31
312851;NAO IDENTIFICADA;2;2025;R$ 14.168.754,03
316873;NAO IDENTIFICADA;2;2025;R$ 118.977,93
322571;NAO IDENTIFICADA;2;2025;R$ 6.033.223,33
322831;NAO IDENTIFICADA;2;2025;R$ 539.764,32
319872;NAO IDENTIFICADA;2;2025;R$ 1.447.495,15
319996;NAO IDENTIFICADA;2;2025;R$ 7.458.038,56
320251;NAO IDENTIFICADA;2;2025;R$ 144.576,06
515;NAO IDENTIFICADA;2;2025;R$ 17.645,95
701;NAO IDENTIFICADA;2;2025;R$ 14.891.214,19
300136;NAO IDENTIFICADA;2;2025;R$ 1.451.213,31
301124;NAO IDENTIFICADA;2;2025;R$ 109.958,89
302147;NAO IDENTIFICADA;2;2025;R$ 2.914.273.233,25
303267;NAO IDENTIFICADA;2;2025;R$ 222.898.873,57
303623;NAO IDENTIFICADA;2;2025;R$ 397.267.913,01
303976;NAO IDENTIFICADA;2;2025;R$ 9.027.055,19
304123;NAO IDENTIFICADA;2;2025;R$ 25.249.570,81
304468;NAO IDENTIFICADA;2;2025;R$ 60.020.547,53
304701;NAO IDENTIFICADA;2;2025;R$ 115.941.237,54
305227;NAO IDENTIFICADA;2;2025;R$ 820.408,90
307751;NAO IDENTIFICADA;2;2025;R$ 95.094,84
309087;NAO IDENTIFICADA;2;2025;R$ 168.637,70
311294;NAO IDENTIFICADA;2;2025;R$ 86.867.929,52
314218;NAO IDENTIFICADA;2;2025;R$ 12.203,26
320510;NAO IDENTIFICADA;2;2025;R$ 18.830,95
320706;NAO IDENTIFICADA;2;2025;R$ 1.208.507,85
301744;NAO IDENTIFICADA;2;2025;R$ 32.155.153,82
302953;NAO IDENTIFICADA;2;2025;R$ 214.844.524,81
304395;NAO IDENTIFICADA;2;2025;R$ 1.068.339,06
306045;NAO IDENTIFICADA;2;2025;R$ 97.497,25
306886;NAO IDENTIFICADA;2;2025;R$ 3.253.204,59
408026;NAO IDENTIFICADA;2;2025;R$ 2.616.248,02
409243;NAO IDENTIFICADA;2;2025;R$ 1.322.003,64
410608;NAO IDENTIFICADA;2;2025;R$ 50.647,36
411752;NAO IDENTIFICADA;2;2025;R$ 873.387,32
412058;NAO IDENTIFICADA;2;2025;R$ 15.660.588,37
412996;NAO IDENTIFICADA;2;2025;R$ 776.773,26
413330;NAO IDENTIFICADA;2;2025;R$ 1.260.360,81
413551;NAO IDENTIFICADA;2;2025;R$ 305.370,86
414212;NAO IDENTIFICADA;2;2025;R$ 12.261.047,37
414492;NAO IDENTIFICADA;2;2025;R$ 64.685,74
414654;NAO IDENTIFICADA;2;2025;R$ 35.324,25
414905;NAO IDENTIFICADA;2;2025;R$ 609.949,04
414930;NAO IDENTIFICADA;2;2025;R$ 2.287.427,75
415014;NAO IDENTIFICADA;2;2025;R$ 2.361.933,69
415693;NAO IDENTIFICADA;2;2025;R$ 462.993,54
415936;NAO IDENTIFICADA;2;2025;R$ 11.275,07
416398;NAO IDENTIFICADA;2;2025;R$ 428.310,80
416801;NAO IDENTIFICADA;2;2025;R$ 41.748.279,49
417947;NAO IDENTIFICADA;2;2025;R$ 12.860.889,66
417955;NAO IDENTIFICADA;2;2025;R$ 93.099,52
418021;NAO IDENTIFICADA;2;2025;R$ 3.949.999,12
418129;NAO IDENTIFICADA;2;2025;R$ 3.325.647,23
370568;NAO IDENTIFICADA;2;2025;R$ 244.652,09
370711;NAO IDENTIFICADA;2;2025;R$ 4.033,61
374440;NAO IDENTIFICADA;2;2025;R$ 3.244.057,92
379956;NAO IDENTIFICADA;2;2025;R$ 1.133.339.313,24
382540;NAO IDENTIFICADA;2;2025;R$ 46.937.910,61
382876;NAO IDENTIFICADA;2;2025;R$ 489.381,83
384704;NAO IDENTIFICADA;2;2025;R$ 12.934,05
385697;NAO IDENTIFICADA;2;2025;R$ 5.959.029,57
395480;NAO IDENTIFICADA;2;2025;R$ 13.111.362,08
401480;NAO IDENTIFICADA;2;2025;R$ 977.107,56
403962;NAO IDENTIFICADA;2;2025;R$ 2.268.475,72
406635;NAO IDENTIFICADA;2;2025;R$ 104.926,31
408034;NAO IDENTIFICADA;2;2025;R$ 260.863,52
409791;NAO IDENTIFICADA;2;2025;R$ 3.064,79
411256;NAO IDENTIFICADA;2;2025;R$ 19.552.487,60
413372;NAO IDENTIFICADA;2;2025;R$ 13.198,05
415243;NAO IDENTIFICADA;2;2025;R$ 158.871,63
415944;NAO IDENTIFICADA;2;2025;R$ 68.474,50
416495;NAO IDENTIFICADA;2;2025;R$ 383.642,93
417106;NAO IDENTIFICADA;2;2025;R$ 43.232,08
418218;NAO IDENTIFICADA;2;2025;R$ 1.099,43
418226;NAO IDENTIFICADA;2;2025;R$ 5.432.162,78
418285;NAO IDENTIFICADA;2;2025;R$ 6.346.386,93
418501;NAO IDENTIFICADA;2;2025;R$ 5.963.051,24
418587;NAO IDENTIFICADA;2;2025;R$ 32.541.248,16
371254;NAO IDENTIFICADA;2;2025;R$ 384.708.012,62
371629;NAO IDENTIFICADA;2;2025;R$ 570.765,08
372561;NAO IDENTIFICADA;2;2025;R$ 2.403.038,73
382639;NAO IDENTIFICADA;2;2025;R$ 93.666,13
386901;NAO IDENTIFICADA;2;2025;R$ 15.535,92
406805;NAO IDENTIFICADA;2;2025;R$ 4.954,67
407011;NAO IDENTIFICADA;2;2025;R$ 191.424.415,09
408794;NAO IDENTIFICADA;2;2025;R$ 1.225.488,74
410292;NAO IDENTIFICADA;2;2025;R$ 352.456,06
411582;NAO IDENTIFICADA;2;2025;R$ 10.154.317,28
412759;NAO IDENTIFICADA;2;2025;R$ 15.131.467,43
413283;NAO IDENTIFICADA;2;2025;R$ 99.152,25
413534;NAO IDENTIFICADA;2;2025;R$ 452.220.137,34
414581;NAO IDENTIFICADA;2;2025;R$ 6.659.420,44
414689;NAO IDENTIFICADA;2;2025;R$ 6.034,13
415081;NAO IDENTIFICADA;2;2025;R$ 1.214.887,52
415910;NAO IDENTIFICADA;2;2025;R$ 1.236.405,40
416428;NAO IDENTIFICADA;2;2025;R$ 23.661.173,02
416690;NAO IDENTIFICADA;2;2025;R$ 143,70
417548;NAO IDENTIFICADA;2;2025;R$ 1.926.559,62
417599;NAO IDENTIFICADA;2;2025;R$ 4.199,05
371106;NAO IDENTIFICADA;2;2025;R$ 13.255.643,05
371564;NAO IDENTIFICADA;2;2025;R$ 196,84
371777;NAO IDENTIFICADA;2;2025;R$ 1.268.243,63
372609;NAO IDENTIFICADA;2;2025;R$ 85.540,22
379280;NAO IDENTIFICADA;2;2025;R$ 554.573,20
389358;NAO IDENTIFICADA;2;2025;R$ 287.150,14
392804;NAO IDENTIFICADA;2;2025;R$ 205.087.504,86
394734;NAO IDENTIFICADA;2;2025;R$ 9.610.504,93
406945;NAO IDENTIFICADA;2;2025;R$ 26.430.650,24
409634;NAO IDENTIFICADA;2;2025;R$ 4.541.562,43
416738;NAO IDENTIFICADA;2;2025;R$ 1.048.181,47
417092;NAO IDENTIFICADA;2;2025;R$ 5,38
418820;NAO IDENTIFICADA;2;2025;R$ 5.472.128,05
418919;NAO IDENTIFICADA;2;2025;R$ 2.140.996,01
385255;NAO IDENTIFICADA;2;2025;R$ 76.470.383,97
386596;NAO IDENTIFICADA;2;2025;R$ 54.324.591,20
407569;NAO IDENTIFICADA;2;2025;R$ 40.814,15
412015;NAO IDENTIFICADA;2;2025;R$ 305.343,49
414387;NAO IDENTIFICADA;2;2025;R$ 2.868.951,25
414662;NAO IDENTIFICADA;2;2025;R$ 6.895.564,36
414701;NAO IDENTIFICADA;2;2025;R$ 364.517,17
415065;NAO IDENTIFICADA;2;2025;R$ 24.810.142,57
415111;NAO IDENTIFICADA;2;2025;R$ 4.461.480,99
415626;NAO IDENTIFICADA;2;2025;R$ 10.388.564,09
415901;NAO IDENTIFICADA;2;2025;R$ 691.057,47
415987;NAO IDENTIFICADA;2;2025;R$ 116.357,01
416584;NAO IDENTIFICADA;2;2025;R$ 1.010.155,30
370681;NAO IDENTIFICADA;2;2025;R$ 90.773,93
373109;NAO IDENTIFICADA;2;2025;R$ 30.707,88
382281;NAO IDENTIFICADA;2;2025;R$ 73.171,10
384577;NAO IDENTIFICADA;2;2025;R$ 700.593,06
385620;NAO IDENTIFICADA;2;2025;R$ 248.505,53
402966;NAO IDENTIFICADA;2;2025;R$ 404.649,64
406554;NAO IDENTIFICADA;2;2025;R$ 26.737.610,07
406937;NAO IDENTIFICADA;2;2025;R$ 578.688,82
312363;NAO IDENTIFICADA;2;2025;R$ 432.577.948,89
314781;NAO IDENTIFICADA;2;2025;R$ 10.219,51
315265;NAO IDENTIFICADA;2;2025;R$ 20.110,47
315648;NAO IDENTIFICADA;2;2025;R$ 1.727.891,51
321320;NAO IDENTIFICADA;2;2025;R$ 218.411,62
321338;NAO IDENTIFICADA;2;2025;R$ 10.722.739,11
321931;NAO IDENTIFICADA;2;2025;R$ 182.278,53
321958;NAO IDENTIFICADA;2;2025;R$ 995.892,15
322326;NAO IDENTIFICADA;2;2025;R$ 149.858,54
304212;NAO IDENTIFICADA;2;2025;R$ 5.238,96
305421;NAO IDENTIFICADA;2;2025;R$ 1.857.523,92
306100;NAO IDENTIFICADA;2;2025;R$ 76.592.114,89
318477;NAO IDENTIFICADA;2;2025;R$ 169.447,65
318566;NAO IDENTIFICADA;2;2025;R$ 508.122,85
310247;NAO IDENTIFICADA;2;2025;R$ 133.457.427,11
311359;NAO IDENTIFICADA;2;2025;R$ 43.936.810,86
311944;NAO IDENTIFICADA;2;2025;R$ 15.646.372,44
313149;NAO IDENTIFICADA;2;2025;R$ 3.506.367,10
313751;NAO IDENTIFICADA;2;2025;R$ 2.524.191,95
314251;NAO IDENTIFICADA;2;2025;R$ 36.049.672,38
314366;NAO IDENTIFICADA;2;2025;R$ 661.448,22
314668;NAO IDENTIFICADA;2;2025;R$ 98.125.264,16
315494;NAO IDENTIFICADA;2;2025;R$ 1.189.063,30
316148;NAO IDENTIFICADA;2;2025;R$ 52.876.188,88
317012;NAO IDENTIFICADA;2;2025;R$ 1.516.919,72
302228;NAO IDENTIFICADA;2;2025;R$ 132,00
303739;NAO IDENTIFICADA;2;2025;R$ 1.861.750,22
304131;NAO IDENTIFICADA;2;2025;R$ 75.023,35
321125;NAO IDENTIFICADA;2;2025;R$ 9.741.830,30
304484;NAO IDENTIFICADA;2;2025;R$ 28.439.641,78
311391;NAO IDENTIFICADA;2;2025;R$ 5.654.324,63
313475;NAO IDENTIFICADA;2;2025;R$ 104.034,14
314242;NAO IDENTIFICADA;2;2025;R$ 21.484.933,66
314315;NAO IDENTIFICADA;2;2025;R$ 909.951,42
316881;NAO IDENTIFICADA;2;2025;R$ 725.037,29
316903;NAO IDENTIFICADA;2;2025;R$ 26.186,30
316997;NAO IDENTIFICADA;2;2025;R$ 3.162.872,22
300730;NAO IDENTIFICADA;2;2025;R$ 1.774.307,22
306754;NAO IDENTIFICADA;2;2025;R$ 3.637,02
311057;NAO IDENTIFICADA;2;2025;R$ 168.782,68
422029;NAO IDENTIFICADA;2;2025;R$ 136.842.248,95
422339;NAO IDENTIFICADA;2;2025;R$ 1.263.346,05
422398;NAO IDENTIFICADA;2;2025;R$ 45.361.007,56
422584;NAO IDENTIFICADA;2;2025;R$ 8.176.360,21
422746;NAO IDENTIFICADA;2;2025;R$ 1.658.864,41
422835;NAO IDENTIFICADA;2;2025;R$ 75.847,50
423203;NAO IDENTIFICADA;2;2025;R$ 1.724.764,95
423572;NAO IDENTIFICADA;2;2025;R$ 92.198,11
423645;NAO IDENTIFICADA;2;2025;R$ 46.824,57
423718;NAO IDENTIFICADA;2;2025;R$ 9.528.289,08
419010;NAO IDENTIFICADA;2;2025;R$ 204.575.307,07
419079;NAO IDENTIFICADA;2;2025;R$ 27.551,21
419150;NAO IDENTIFICADA;2;2025;R$ 20.909,56
419851;NAO IDENTIFICADA;2;2025;R$ 5.557.124,74
420000;NAO IDENTIFICADA;2;2025;R$ 60.955,63
420271;NAO IDENTIFICADA;2;2025;R$ 216.302,27
420841;NAO IDENTIFICADA;2;2025;R$ 77.426,72
420981;NAO IDENTIFICADA;2;2025;R$ 3.395.318,81
421154;NAO IDENTIFICADA;2;2025;R$ 5.429.516,98
421341;NAO IDENTIFICADA;2;2025;R$ 46.276.691,87
421421;NAO IDENTIFICADA;2;2025;R$ 125.788.780,44
421723;NAO IDENTIFICADA;2;2025;R$ 1.004.405,32
421766;NAO IDENTIFICADA;2;2025;R$ 2.941,50
419958;NAO IDENTIFICADA;2;2025;R$ 16.021.061,67
421715;NAO IDENTIFICADA;2;2025;R$ 783.786,39
423181;NAO IDENTIFICADA;2;2025;R$ 44.000,70
423319;NAO IDENTIFICADA;2;2025;R$ 132.926,26
423335;NAO IDENTIFICADA;2;2025;R$ 2.550,00
423441;NAO IDENTIFICADA;2;2025;R$ 201.436,07
423564;NAO IDENTIFICADA;2;2025;R$ 1.660,67
423815;NAO IDENTIFICADA;2;2025;R$ 4.495,51
419052;NAO IDENTIFICADA;2;2025;R$ 3.681.191,93
419141;NAO IDENTIFICADA;2;2025;R$ 59.162.001,33
419524;NAO IDENTIFICADA;2;2025;R$ 9.978,10
420093;NAO IDENTIFICADA;2;2025;R$ 2.027.600,96
420166;NAO IDENTIFICADA;2;2025;R$ 89.747.662,43
419419;NAO IDENTIFICADA;2;2025;R$ 18.148.728,64
421731;NAO IDENTIFICADA;2;2025;R$ 27.431.837,35
421944;NAO IDENTIFICADA;2;2025;R$ 1.535.251,58
422088;NAO IDENTIFICADA;2;2025;R$ 162.076,87
422321;NAO IDENTIFICADA;2;2025;R$ 561.625,58
422380;NAO IDENTIFICADA;2;2025;R$ 268.825,37
422720;NAO IDENTIFICADA;2;2025;R$ 652.378,74
422827;NAO IDENTIFICADA;2;2025;R$ 406.780,38
423432;NAO IDENTIFICADA;2;2025;R$ 808.334,23
423548;NAO IDENTIFICADA;2;2025;R$ 528.759,28
423629;NAO IDENTIFICADA;2;2025;R$ 7.830.911,28
423700;NAO IDENTIFICADA;2;2025;R$ 7.733,43
423912;NAO IDENTIFICADA;2;2025;R$ 177.539,47
419753;NAO IDENTIFICADA;2;2025;R$ 805.404,25
420085;NAO IDENTIFICADA;2;2025;R$ 115.643,92
423173;NAO IDENTIFICADA;2;2025;R$ 412.413,05
423351;NAO IDENTIFICADA;2;2025;R$ 1.325.365,63
423661;NAO IDENTIFICADA;2;2025;R$ 41.628.415,20
419028;NAO IDENTIFICADA;2;2025;R$ 1.498.193,93
419281;NAO IDENTIFICADA;2;2025;R$ 895.985,60
419974;NAO IDENTIFICADA;2;2025;R$ 250.577,22
421006;NAO IDENTIFICADA;2;2025;R$ 29.923.887,01
421642;NAO IDENTIFICADA;2;2025;R$ 44.905,01
408522;NAO IDENTIFICADA;2;2025;R$ 126.247,84
409413;NAO IDENTIFICADA;2;2025;R$ 84.210,69
410128;NAO IDENTIFICADA;2;2025;R$ 37.072,41
411248;NAO IDENTIFICADA;2;2025;R$ 87.166,82
411868;NAO IDENTIFICADA;2;2025;R$ 12.454,44
412635;NAO IDENTIFICADA;2;2025;R$ 9.521.909,91
414026;NAO IDENTIFICADA;2;2025;R$ 3.480.514,33
416568;NAO IDENTIFICADA;2;2025;R$ 156.241,77
417505;NAO IDENTIFICADA;2;2025;R$ 2.699.906,25
417530;NAO IDENTIFICADA;2;2025;R$ 82.115.942,06
418803;NAO IDENTIFICADA;2;2025;R$ 1.074.713,87
417661;NAO IDENTIFICADA;2;2025;R$ 4.976,71
417815;NAO IDENTIFICADA;2;2025;R$ 20.608,78
417831;NAO IDENTIFICADA;2;2025;R$ 24.772,52
370088;NAO IDENTIFICADA;2;2025;R$ 30.712.263,65
386588;NAO IDENTIFICADA;2;2025;R$ 333.150,97
388092;NAO IDENTIFICADA;2;2025;R$ 364,96
393533;NAO IDENTIFICADA;2;2025;R$ 19.046.353,96
401081;NAO IDENTIFICADA;2;2025;R$ 2.968.168,32
418072;NAO IDENTIFICADA;2;2025;R$ 42.787,27
418137;NAO IDENTIFICADA;2;2025;R$ 2.555.804,51
418170;NAO IDENTIFICADA;2;2025;R$ 2.238.583,79
408263;NAO IDENTIFICADA;2;2025;R$ 974.253,35
409405;NAO IDENTIFICADA;2;2025;R$ 1.534.134,19
410888;NAO IDENTIFICADA;2;2025;R$ 338.288,44
413267;NAO IDENTIFICADA;2;2025;R$ 1.281.530,63
413518;NAO IDENTIFICADA;2;2025;R$ 170.554,99
414352;NAO IDENTIFICADA;2;2025;R$ 598.463,24
417297;NAO IDENTIFICADA;2;2025;R$ 122.003,76
418374;NAO IDENTIFICADA;2;2025;R$ 607.075,39
417475;NAO IDENTIFICADA;2;2025;R$ 4.558.960,50
370975;NAO IDENTIFICADA;2;2025;R$ 3.385.091,69
381144;NAO IDENTIFICADA;2;2025;R$ 53.371,51
382655;NAO IDENTIFICADA;2;2025;R$ 3.151.023,20
387185;NAO IDENTIFICADA;2;2025;R$ 14.269.458,03
402206;NAO IDENTIFICADA;2;2025;R$ 10.864.090,34
407534;NAO IDENTIFICADA;2;2025;R$ 591.411,22
414573;NAO IDENTIFICADA;2;2025;R$ 37.735.628,89
418552;NAO IDENTIFICADA;2;2025;R$ 124.534,83
417491;NAO IDENTIFICADA;2;2025;R$ 1.209.777,26
418731;NAO IDENTIFICADA;2;2025;R$ 364.326,56
418749;NAO IDENTIFICADA;2;2025;R$ 1.236.420,09
408093;NAO IDENTIFICADA;2;2025;R$ 1.599.671,16
410110;NAO IDENTIFICADA;2;2025;R$ 13.149.991,73
411809;NAO IDENTIFICADA;2;2025;R$ 5.362.028,32
412295;NAO IDENTIFICADA;2;2025;R$ 85.743,28
413429;NAO IDENTIFICADA;2;2025;R$ 9.799.617,19
416401;NAO IDENTIFICADA;2;2025;R$ 102.657.208,46
416525;NAO IDENTIFICADA;2;2025;R$ 782.696,04
418617;NAO IDENTIFICADA;2;2025;R$ 20.791.404,01
418650;NAO IDENTIFICADA;2;2025;R$ 18.321.464,03
417131;NAO IDENTIFICADA;2;2025;R$ 1.155.083,28
417211;NAO IDENTIFICADA;2;2025;R$ 34.430.645,96
390259;NAO IDENTIFICADA;2;2025;R$ 4.160.277,75
393321;NAO IDENTIFICADA;2;2025;R$ 43.905.275,41
406481;NAO IDENTIFICADA;2;2025;R$ 9.230.201,17
406813;NAO IDENTIFICADA;2;2025;R$ 2.009.974,72
407224;NAO IDENTIFICADA;2;2025;R$ 2.476.565,63
413747;NAO IDENTIFICADA;2;2025;R$ 2.010.709,24
410624;NAO IDENTIFICADA;2;2025;R$ 67.537,96
412252;NAO IDENTIFICADA;2;2025;R$ 122.835,31
414310;NAO IDENTIFICADA;2;2025;R$ 3.085.970,38
415774;NAO IDENTIFICADA;2;2025;R$ 894.410,10
370592;NAO IDENTIFICADA;2;2025;R$ 930.854,24
380661;NAO IDENTIFICADA;2;2025;R$ 17.494.426,70
389854;NAO IDENTIFICADA;2;2025;R$ 179.021,84
404241;NAO IDENTIFICADA;2;2025;R$ 20.254,87
413160;NAO IDENTIFICADA;2;2025;R$ 156.114,20
413721;NAO IDENTIFICADA;2;2025;R$ 588.641,85
378216;NAO IDENTIFICADA;2;2025;R$ 774.541,62
402001;NAO IDENTIFICADA;2;2025;R$ 507.287,96
333689;NAO IDENTIFICADA;2;2025;R$ 121.784.608,48
334154;NAO IDENTIFICADA;2;2025;R$ 26.315,98
334847;NAO IDENTIFICADA;2;2025;R$ 14.445,34
335215;NAO IDENTIFICADA;2;2025;R$ 233.261,23
335479;NAO IDENTIFICADA;2;2025;R$ 202.880.823,22
336106;NAO IDENTIFICADA;2;2025;R$ 2.920.748,12
337374;NAO IDENTIFICADA;2;2025;R$ 3.405.313,62
337561;NAO IDENTIFICADA;2;2025;R$ 35.183,60
342157;NAO IDENTIFICADA;2;2025;R$ 63.485,63
342343;NAO IDENTIFICADA;2;2025;R$ 22.301.747,80
343684;NAO IDENTIFICADA;2;2025;R$ 1.775.693,31
343722;NAO IDENTIFICADA;2;2025;R$ 7.304.836,12
343731;NAO IDENTIFICADA;2;2025;R$ 3.054.644,20
343765;NAO IDENTIFICADA;2;2025;R$ 151.678,51
345598;NAO IDENTIFICADA;2;2025;R$ 309.501,23
345709;NAO IDENTIFICADA;2;2025;R$ 389.099,03
345741;NAO IDENTIFICADA;2;2025;R$ 130.263,97
343889;NAO IDENTIFICADA;2;2025;R$ 71.610.942,31
344141;NAO IDENTIFICADA;2;2025;R$ 1.975.069,55
344184;NAO IDENTIFICADA;2;2025;R$ 107.773,72
344362;NAO IDENTIFICADA;2;2025;R$ 935.356,10
323004;NAO IDENTIFICADA;2;2025;R$ 1.642,95
323268;NAO IDENTIFICADA;2;2025;R$ 443.992,65
323926;NAO IDENTIFICADA;2;2025;R$ 1.474.897,79
324213;NAO IDENTIFICADA;2;2025;R$ 3.224.002,95
324361;NAO IDENTIFICADA;2;2025;R$ 1.826.519,22
324566;NAO IDENTIFICADA;2;2025;R$ 2.903.591,60
325571;NAO IDENTIFICADA;2;2025;R$ 713.762,22
326305;NAO IDENTIFICADA;2;2025;R$ 94.425.354,91
326755;NAO IDENTIFICADA;2;2025;R$ 1.697.839,56
327352;NAO IDENTIFICADA;2;2025;R$ 297.626,51
327689;NAO IDENTIFICADA;2;2025;R$ 1.028.648,91
328537;NAO IDENTIFICADA;2;2025;R$ 4.585.358,82
330108;NAO IDENTIFICADA;2;2025;R$ 56.039.804,92
330281;NAO IDENTIFICADA;2;2025;R$ 109.065,01
331104;NAO IDENTIFICADA;2;2025;R$ 962,67
331651;NAO IDENTIFICADA;2;2025;R$ 2.017.926,82
334561;NAO IDENTIFICADA;2;2025;R$ 20.072.145,15
335614;NAO IDENTIFICADA;2;2025;R$ 4.942.739,29
336858;NAO IDENTIFICADA;2;2025;R$ 3.145.749,32
344397;NAO IDENTIFICADA;2;2025;R$ 254.370,18
344451;NAO IDENTIFICADA;2;2025;R$ 270.049,57
344729;NAO IDENTIFICADA;2;2025;R$ 4.061.722,24
344788;NAO IDENTIFICADA;2;2025;R$ 73.806,63
323993;NAO IDENTIFICADA;2;2025;R$ 22.560.973,34
324159;NAO IDENTIFICADA;2;2025;R$ 13,28
324299;NAO IDENTIFICADA;2;2025;R$ 15.805.941,10
325082;NAO IDENTIFICADA;2;2025;R$ 4.811.496,75
325236;NAO IDENTIFICADA;2;2025;R$ 44.461.237,13
327468;NAO IDENTIFICADA;2;2025;R$ 345.585,74
328308;NAO IDENTIFICADA;2;2025;R$ 69.928,48
329665;NAO IDENTIFICADA;2;2025;R$ 12.330,39
333239;NAO IDENTIFICADA;2;2025;R$ 628.262,89
334511;NAO IDENTIFICADA;2;2025;R$ 108.025,80
335541;NAO IDENTIFICADA;2;2025;R$ 2.426.867,86
336831;NAO IDENTIFICADA;2;2025;R$ 1.217.085,59
342033;NAO IDENTIFICADA;2;2025;R$ 3.787.754,66
343056;NAO IDENTIFICADA;2;2025;R$ 2.105.135,22
343064;NAO IDENTIFICADA;2;2025;R$ 404.596,34
343129;NAO IDENTIFICADA;2;2025;R$ 5.464,84
343153;NAO IDENTIFICADA;2;2025;R$ 6.327.361,75
343269;NAO IDENTIFICADA;2;2025;R$ 1.796.649,31
343404;NAO IDENTIFICADA;2;2025;R$ 958.045,74
344800;NAO IDENTIFICADA;2;2025;R$ 4.833.086,12
344885;NAO IDENTIFICADA;2;2025;R$ 3.679.394,16
343463;NAO IDENTIFICADA;2;2025;R$ 24.867.191,27
343676;NAO IDENTIFICADA;2;2025;R$ 30.653.315,03
323080;NAO IDENTIFICADA;2;2025;R$ 21.164.937,42
324175;NAO IDENTIFICADA;2;2025;R$ 32.112,62
324345;NAO IDENTIFICADA;2;2025;R$ 155.827,28
324523;NAO IDENTIFICADA;2;2025;R$ 12.478,11
327417;NAO IDENTIFICADA;2;2025;R$ 132.506,93
328294;NAO IDENTIFICADA;2;2025;R$ 454.714,72
329355;NAO IDENTIFICADA;2;2025;R$ 313.755,39
330892;NAO IDENTIFICADA;2;2025;R$ 680.000,00
331872;NAO IDENTIFICADA;2;2025;R$ 20.694,68
333051;NAO IDENTIFICADA;2;2025;R$ 122.189.741,77
343331;NAO IDENTIFICADA;2;2025;R$ 40.504.220,90
344915;NAO IDENTIFICADA;2;2025;R$ 26.180,12
345091;NAO IDENTIFICADA;2;2025;R$ 53.683,48
353264;NAO IDENTIFICADA;2;2025;R$ 8.647,18
354295;NAO IDENTIFICADA;2;2025;R$ 6.543.502,75
354511;NAO IDENTIFICADA;2;2025;R$ 458.508,04
355593;NAO IDENTIFICADA;2;2025;R$ 373.453,03
355721;NAO IDENTIFICADA;2;2025;R$ 2.366.393,04
357715;NAO IDENTIFICADA;2;2025;R$ 1.089.754,67
358096;NAO IDENTIFICADA;2;2025;R$ 2.171.574,86
361615;NAO IDENTIFICADA;2;2025;R$ 1.761.377,32
367087;NAO IDENTIFICADA;2;2025;R$ 4.498.893,70
347507;NAO IDENTIFICADA;2;2025;R$ 6.819.037,91
348830;NAO IDENTIFICADA;2;2025;R$ 5.745.427,23
360414;NAO IDENTIFICADA;2;2025;R$ 78.515,58
367397;NAO IDENTIFICADA;2;2025;R$ 157.118.637,65
367613;NAO IDENTIFICADA;2;2025;R$ 206.886,01
368148;NAO IDENTIFICADA;2;2025;R$ 64.773,42
368253;NAO IDENTIFICADA;2;2025;R$ 36.813.718,47
368555;NAO IDENTIFICADA;2;2025;R$ 13.722.210,82
346276;NAO IDENTIFICADA;2;2025;R$ 9.681.390,25
347736;NAO IDENTIFICADA;2;2025;R$ 159.543,63
350770;NAO IDENTIFICADA;2;2025;R$ 3.992,67
351407;NAO IDENTIFICADA;2;2025;R$ 2.939.743,30
352314;NAO IDENTIFICADA;2;2025;R$ 4.068.461,69
354279;NAO IDENTIFICADA;2;2025;R$ 89.304,67
354325;NAO IDENTIFICADA;2;2025;R$ 38.790.625,92
354619;NAO IDENTIFICADA;2;2025;R$ 17.010.267,80
354996;NAO IDENTIFICADA;2;2025;R$ 141.061,31
355691;NAO IDENTIFICADA;2;2025;R$ 30.273.886,21
356123;NAO IDENTIFICADA;2;2025;R$ 74.675.062,89
358088;NAO IDENTIFICADA;2;2025;R$ 23.450,34
359289;NAO IDENTIFICADA;2;2025;R$ 84.438.118,82
363189;NAO IDENTIFICADA;2;2025;R$ 2.840,68
346659;NAO IDENTIFICADA;2;2025;R$ 3.836.944.482,05
347825;NAO IDENTIFICADA;2;2025;R$ 5.200.972,67
348180;NAO IDENTIFICADA;2;2025;R$ 26.128.028,95
348520;NAO IDENTIFICADA;2;2025;R$ 240,00
349712;NAO IDENTIFICADA;2;2025;R$ 333.999,19
350494;NAO IDENTIFICADA;2;2025;R$ 41.954.394,23
352179;NAO IDENTIFICADA;2;2025;R$ 362.609,29
352543;NAO IDENTIFICADA;2;2025;R$ 42.710.520,40
353060;NAO IDENTIFICADA;2;2025;R$ 31.023,51
361011;NAO IDENTIFICADA;2;2025;R$ 276.077.474,46
364860;NAO IDENTIFICADA;2;2025;R$ 6.651.397,78
310981;NAO IDENTIFICADA;2;2025;R$ 1.523.261,48
315583;NAO IDENTIFICADA;2;2025;R$ 10.342.613,54
318035;NAO IDENTIFICADA;2;2025;R$ 617.227,12
318213;NAO IDENTIFICADA;2;2025;R$ 619.714,83
318299;NAO IDENTIFICADA;2;2025;R$ 126.204.442,79
318388;NAO IDENTIFICADA;2;2025;R$ 981,36
305928;NAO IDENTIFICADA;2;2025;R$ 11.929,11
309028;NAO IDENTIFICADA;2;2025;R$ 6.153.640,88
333875;NAO IDENTIFICADA;2;2025;R$ 5.564,80
335690;NAO IDENTIFICADA;2;2025;R$ 1.537.966,56
336017;NAO IDENTIFICADA;2;2025;R$ 2.058.285,03
337188;NAO IDENTIFICADA;2;2025;R$ 147.496.588,81
340782;NAO IDENTIFICADA;2;2025;R$ 6.540.288,77
340952;NAO IDENTIFICADA;2;2025;R$ 12.970,64
341941;NAO IDENTIFICADA;2;2025;R$ 8.694.164,83
342084;NAO IDENTIFICADA;2;2025;R$ 26.031.878,88
342131;NAO IDENTIFICADA;2;2025;R$ 15.910.491,97
345318;NAO IDENTIFICADA;2;2025;R$ 9.705.056,93
345458;NAO IDENTIFICADA;2;2025;R$ 84.477,80
342955;NAO IDENTIFICADA;2;2025;R$ 1.956.558,78
322890;NAO IDENTIFICADA;2;2025;R$ 1.160.555,96
323357;NAO IDENTIFICADA;2;2025;R$ 167.585,42
325031;NAO IDENTIFICADA;2;2025;R$ 96.396,48
325465;NAO IDENTIFICADA;2;2025;R$ 17.130.834,56
326500;NAO IDENTIFICADA;2;2025;R$ 2.220.808,49
327638;NAO IDENTIFICADA;2;2025;R$ 359.581,58
328375;NAO IDENTIFICADA;2;2025;R$ 144.865,11
331341;NAO IDENTIFICADA;2;2025;R$ 111.525.315,50
333662;NAO IDENTIFICADA;2;2025;R$ 86.851.998,62
335100;NAO IDENTIFICADA;2;2025;R$ 736.426,66
335258;NAO IDENTIFICADA;2;2025;R$ 10.909.827,91
336467;NAO IDENTIFICADA;2;2025;R$ 318.731,37
337498;NAO IDENTIFICADA;2;2025;R$ 33.431.300,64
340251;NAO IDENTIFICADA;2;2025;R$ 773.138,39
324493;NAO IDENTIFICADA;2;2025;R$ 789.481,29
327328;NAO IDENTIFICADA;2;2025;R$ 8.579,32
329339;NAO IDENTIFICADA;2;2025;R$ 59.835,06
330809;NAO IDENTIFICADA;2;2025;R$ 48.511.071,58
334243;NAO IDENTIFICADA;2;2025;R$ 3.482.190,35
340162;NAO IDENTIFICADA;2;2025;R$ 652.563,91
330264;NAO IDENTIFICADA;2;2025;R$ 57.746.445,34
352683;NAO IDENTIFICADA;2;2025;R$ 13.711.018,42
353353;NAO IDENTIFICADA;2;2025;R$ 487.609,91
353698;NAO IDENTIFICADA;2;2025;R$ 8.659,91
355151;NAO IDENTIFICADA;2;2025;R$ 1.051.483,66
358339;NAO IDENTIFICADA;2;2025;R$ 15.892,11
359017;NAO IDENTIFICADA;2;2025;R$ 312.587.897,90
359122;NAO IDENTIFICADA;2;2025;R$ 293.478,31
362832;NAO IDENTIFICADA;2;2025;R$ 483.811,67
365530;NAO IDENTIFICADA;2;2025;R$ 308.318,71
365645;NAO IDENTIFICADA;2;2025;R$ 75.231,25
365785;NAO IDENTIFICADA;2;2025;R$ 15.190,06
367095;NAO IDENTIFICADA;2;2025;R$ 6.262.710,58
349534;NAO IDENTIFICADA;2;2025;R$ 1.946.418,14
354031;NAO IDENTIFICADA;2;2025;R$ 2.598.183,91
354562;NAO IDENTIFICADA;2;2025;R$ 424.644,22
354678;NAO IDENTIFICADA;2;2025;R$ 356.836,01
361569;NAO IDENTIFICADA;2;2025;R$ 265.953,86
363286;NAO IDENTIFICADA;2;2025;R$ 1.489.782,13
363391;NAO IDENTIFICADA;2;2025;R$ 627.647,87
363855;NAO IDENTIFICADA;2;2025;R$ 45.247.506,51
346951;NAO IDENTIFICADA;2;2025;R$ 263.659,07
348261;NAO IDENTIFICADA;2;2025;R$ 1.567.455,10
350371;NAO IDENTIFICADA;2;2025;R$ 1.487.938,93
358436;NAO IDENTIFICADA;2;2025;R$ 9.089.338,97
364070;NAO IDENTIFICADA;2;2025;R$ 843.456,05
356417;NAO IDENTIFICADA;2;2025;R$ 849.186,58
346004;NAO IDENTIFICADA;2;2025;R$ 9.713.997,21
347604;NAO IDENTIFICADA;2;2025;R$ 1.317.099,84
347795;NAO IDENTIFICADA;2;2025;R$ 933.794,98
350249;NAO IDENTIFICADA;2;2025;R$ 39.459.076,44
351202;NAO IDENTIFICADA;2;2025;R$ 9.800.974,48
352331;NAO IDENTIFICADA;2;2025;R$ 11.207.342,47
364312;NAO IDENTIFICADA;2;2025;R$ 4.752.407,05
364584;NAO IDENTIFICADA;2;2025;R$ 209.169.245,17
364592;NAO IDENTIFICADA;2;2025;R$ 667.606,53
368920;NAO IDENTIFICADA;2;2025;R$ 1.426.366,57
365238;NAO IDENTIFICADA;2;2025;R$ 35.584.269,34
333867;NAO IDENTIFICADA;2;2025;R$ 1.439.420,46
335592;NAO IDENTIFICADA;2;2025;R$ 563.817.103,22
335789;NAO IDENTIFICADA;2;2025;R$ 11.800.819,33
338648;NAO IDENTIFICADA;2;2025;R$ 85.910.621,07
339679;NAO IDENTIFICADA;2;2025;R$ 45.886.270,60
339954;NAO IDENTIFICADA;2;2025;R$ 15.808.990,57
341819;NAO IDENTIFICADA;2;2025;R$ 127.672,12
342203;NAO IDENTIFICADA;2;2025;R$ 9.153.189,58
323942;NAO IDENTIFICADA;2;2025;R$ 19.083.372,52
326861;NAO IDENTIFICADA;2;2025;R$ 146.401.884,20
329886;NAO IDENTIFICADA;2;2025;R$ 49.745.661,55
333808;NAO IDENTIFICADA;2;2025;R$ 64.192,02
335517;NAO IDENTIFICADA;2;2025;R$ 39.646.106,14
337871;NAO IDENTIFICADA;2;2025;R$ 318.486,78
338346;NAO IDENTIFICADA;2;2025;R$ 163.484,55
339458;NAO IDENTIFICADA;2;2025;R$ 2.274.998,20
342611;NAO IDENTIFICADA;2;2025;R$ 7.993.966,20
342807;NAO IDENTIFICADA;2;2025;R$ 4.526.723,01
323055;NAO IDENTIFICADA;2;2025;R$ 30.009.428,52
324477;NAO IDENTIFICADA;2;2025;R$ 151.135.184,80
327557;NAO IDENTIFICADA;2;2025;R$ 13.332.505,99
328031;NAO IDENTIFICADA;2;2025;R$ 152.023,79
330116;NAO IDENTIFICADA;2;2025;R$ 22.438.406,43
330566;NAO IDENTIFICADA;2;2025;R$ 56.167.832,77
331317;NAO IDENTIFICADA;2;2025;R$ 20.071,49
331988;NAO IDENTIFICADA;2;2025;R$ 225.444.017,49
335754;NAO IDENTIFICADA;2;2025;R$ 53.608.417,99
337668;NAO IDENTIFICADA;2;2025;R$ 272.628.853,68
342556;NAO IDENTIFICADA;2;2025;R$ 117.755.338,54
409286;NAO IDENTIFICADA;2;2025;R$ 85.698,04
397245;NAO IDENTIFICADA;2;2025;R$ 107.377,91
417220;NAO IDENTIFICADA;2;2025;R$ 79.686,43
362140;NAO IDENTIFICADA;2;2025;R$ 3.328.911,57
369292;NAO IDENTIFICADA;2;2025;R$ 3.861.284,91
369411;NAO IDENTIFICADA;2;2025;R$ 2.554.221,07
356476;NAO IDENTIFICADA;2;2025;R$ 2.248.136,75
366561;NAO IDENTIFICADA;2;2025;R$ 5.714.063,90
316849;NAO IDENTIFICADA;2;2025;R$ 295.993,32
335657;NAO IDENTIFICADA;2;2025;R$ 109.150,18
342386;NAO IDENTIFICADA;2;2025;R$ 243.075,72
422053;NAO IDENTIFICADA;2;2025;R$ 0,17
422631;NAO IDENTIFICADA;2;2025;R$ 226.838.796,10
424196;NAO IDENTIFICADA;2;2025;R$ 1,00
419591;NAO IDENTIFICADA;2;2025;R$ 365.196,64
420123;NAO IDENTIFICADA;2;2025;R$ 1.944,14
420701;NAO IDENTIFICADA;2;2025;R$ 3.081.259,14
420930;NAO IDENTIFICADA;2;2025;R$ 527.939,43
421359;NAO IDENTIFICADA;2;2025;R$ 7.220.908,63
422941;NAO IDENTIFICADA;2;2025;R$ 2.840,00
424170;NAO IDENTIFICADA;2;2025;R$ 66.717,79
422592;NAO IDENTIFICADA;2;2025;R$ 24.358,70
422754;NAO IDENTIFICADA;2;2025;R$ 418.223,88
418994;NAO IDENTIFICADA;2;2025;R$ 41.601,96
419427;NAO IDENTIFICADA;2;2025;R$ 621.685,67
421561;NAO IDENTIFICADA;2;2025;R$ 66.306,88
344800;NAO IDENTIFICADA;3;2025;R$ 230.068.808,69
344915;NAO IDENTIFICADA;3;2025;R$ 50.521,66
345458;NAO IDENTIFICADA;3;2025;R$ 323.968,64
345709;NAO IDENTIFICADA;3;2025;R$ 1.335.975,75
347507;NAO IDENTIFICADA;3;2025;R$ 165.412.888,14
347736;NAO IDENTIFICADA;3;2025;R$ 27.744.924,06
348082;NAO IDENTIFICADA;3;2025;R$ 2.436.303,36
348244;NAO IDENTIFICADA;3;2025;R$ 65,40
325031;NAO IDENTIFICADA;3;2025;R$ 883.043,64
325571;NAO IDENTIFICADA;3;2025;R$ 1.418.062,37
326861;NAO IDENTIFICADA;3;2025;R$ 4.718.360,68
327352;NAO IDENTIFICADA;3;2025;R$ 2.156.896,59
327557;NAO IDENTIFICADA;3;2025;R$ 1.046.291,18
329339;NAO IDENTIFICADA;3;2025;R$ 65.644,62
329886;NAO IDENTIFICADA;3;2025;R$ 286.237,09
330116;NAO IDENTIFICADA;3;2025;R$ 32.275,84
330566;NAO IDENTIFICADA;3;2025;R$ 5.605.756,16
331317;NAO IDENTIFICADA;3;2025;R$ 222.520,50
334154;NAO IDENTIFICADA;3;2025;R$ 878.038,81
334561;NAO IDENTIFICADA;3;2025;R$ 20.052.928,38
335479;NAO IDENTIFICADA;3;2025;R$ 270.961,33
336106;NAO IDENTIFICADA;3;2025;R$ 2.783.727,07
336831;NAO IDENTIFICADA;3;2025;R$ 104.590.366,10
337561;NAO IDENTIFICADA;3;2025;R$ 94.379,38
337871;NAO IDENTIFICADA;3;2025;R$ 1.201.350,43
340952;NAO IDENTIFICADA;3;2025;R$ 8.106,62
342033;NAO IDENTIFICADA;3;2025;R$ 13.427.359,31
342084;NAO IDENTIFICADA;3;2025;R$ 1.186.263,95
342203;NAO IDENTIFICADA;3;2025;R$ 54.546,38
342386;NAO IDENTIFICADA;3;2025;R$ 286.282,60
342807;NAO IDENTIFICADA;3;2025;R$ 4.625.919,21
343064;NAO IDENTIFICADA;3;2025;R$ 66.102.333,91
343269;NAO IDENTIFICADA;3;2025;R$ 1.552.084,03
343676;NAO IDENTIFICADA;3;2025;R$ 1.426.275,07
343722;NAO IDENTIFICADA;3;2025;R$ 11.410.079,31
343889;NAO IDENTIFICADA;3;2025;R$ 119.594.209,22
344141;NAO IDENTIFICADA;3;2025;R$ 15.102,59
344397;NAO IDENTIFICADA;3;2025;R$ 208.189.861,07
344788;NAO IDENTIFICADA;3;2025;R$ 249.899,63
346276;NAO IDENTIFICADA;3;2025;R$ 216.698.386,76
346951;NAO IDENTIFICADA;3;2025;R$ 276.715,91
348520;NAO IDENTIFICADA;3;2025;R$ 10.088.115,46
328031;NAO IDENTIFICADA;3;2025;R$ 152.023,79
331651;NAO IDENTIFICADA;3;2025;R$ 61.566.261,06
331988;NAO IDENTIFICADA;3;2025;R$ 7.627.499,29
333808;NAO IDENTIFICADA;3;2025;R$ 2.832,96
335100;NAO IDENTIFICADA;3;2025;R$ 28.391.911,76
335614;NAO IDENTIFICADA;3;2025;R$ 5.131.138,94
337374;NAO IDENTIFICADA;3;2025;R$ 3.118.788,58
339954;NAO IDENTIFICADA;3;2025;R$ 12.727.670,74
340251;NAO IDENTIFICADA;3;2025;R$ 54.798.908,65
342955;NAO IDENTIFICADA;3;2025;R$ 3.054.185,52
344885;NAO IDENTIFICADA;3;2025;R$ 1.138.561,41
345776;NAO IDENTIFICADA;3;2025;R$ 42.009.205,62
346926;NAO IDENTIFICADA;3;2025;R$ 1.012.203.667,64
348295;NAO IDENTIFICADA;3;2025;R$ 862.959.211,14
325236;NAO IDENTIFICADA;3;2025;R$ 652.076,92
326305;NAO IDENTIFICADA;3;2025;R$ 138.087.969,78
327468;NAO IDENTIFICADA;3;2025;R$ 2.225.890,76
327689;NAO IDENTIFICADA;3;2025;R$ 151.280.122,58
328308;NAO IDENTIFICADA;3;2025;R$ 34.212.888,61
329665;NAO IDENTIFICADA;3;2025;R$ 25.494.375,89
330108;NAO IDENTIFICADA;3;2025;R$ 63.127,20
331104;NAO IDENTIFICADA;3;2025;R$ 244.808,27
333689;NAO IDENTIFICADA;3;2025;R$ 3.326.151,20
334511;NAO IDENTIFICADA;3;2025;R$ 202.644,89
334847;NAO IDENTIFICADA;3;2025;R$ 13.782.818,25
335215;NAO IDENTIFICADA;3;2025;R$ 38.143,57
335541;NAO IDENTIFICADA;3;2025;R$ 521.532,52
337188;NAO IDENTIFICADA;3;2025;R$ 36.443,21
342157;NAO IDENTIFICADA;3;2025;R$ 1.082.308,59
343765;NAO IDENTIFICADA;3;2025;R$ 133.968,87
338648;NAO IDENTIFICADA;3;2025;R$ 132.672.755,59
345318;NAO IDENTIFICADA;3;2025;R$ 14.734.120,11
345598;NAO IDENTIFICADA;3;2025;R$ 1.982.299,54
324566;NAO IDENTIFICADA;3;2025;R$ 59.453.777,08
325082;NAO IDENTIFICADA;3;2025;R$ 131.755,17
326755;NAO IDENTIFICADA;3;2025;R$ 157.202.442,02
328537;NAO IDENTIFICADA;3;2025;R$ 5.257.620,28
330281;NAO IDENTIFICADA;3;2025;R$ 36.049.492,27
331872;NAO IDENTIFICADA;3;2025;R$ 162.755,05
333051;NAO IDENTIFICADA;3;2025;R$ 1.355.720,10
333239;NAO IDENTIFICADA;3;2025;R$ 949.012,54
333875;NAO IDENTIFICADA;3;2025;R$ 27.615,00
335690;NAO IDENTIFICADA;3;2025;R$ 4.282,21
337498;NAO IDENTIFICADA;3;2025;R$ 1.277.554,04
339679;NAO IDENTIFICADA;3;2025;R$ 1.703,64
341941;NAO IDENTIFICADA;3;2025;R$ 12.639.124,29
342343;NAO IDENTIFICADA;3;2025;R$ 5.885.225,81
342611;NAO IDENTIFICADA;3;2025;R$ 237.565,48
343056;NAO IDENTIFICADA;3;2025;R$ 3.342.922,31
343463;NAO IDENTIFICADA;3;2025;R$ 1.673.934,43
344729;NAO IDENTIFICADA;3;2025;R$ 154.442,62
336017;NAO IDENTIFICADA;3;2025;R$ 3.263.301,00
370568;NAO IDENTIFICADA;3;2025;R$ 24.293,51
371106;NAO IDENTIFICADA;3;2025;R$ 1.009.812,29
371564;NAO IDENTIFICADA;3;2025;R$ 991.532,79
371777;NAO IDENTIFICADA;3;2025;R$ 7.554.001,12
372609;NAO IDENTIFICADA;3;2025;R$ 67.109.663,22
349712;NAO IDENTIFICADA;3;2025;R$ 11.310.851,18
350141;NAO IDENTIFICADA;3;2025;R$ 3.897.381,04
350770;NAO IDENTIFICADA;3;2025;R$ 2.856,02
351407;NAO IDENTIFICADA;3;2025;R$ 3.014.590,03
352331;NAO IDENTIFICADA;3;2025;R$ 11.650.299,07
353027;NAO IDENTIFICADA;3;2025;R$ 785.298,19
353060;NAO IDENTIFICADA;3;2025;R$ 74.680,50
353663;NAO IDENTIFICADA;3;2025;R$ 12.532.038,09
354325;NAO IDENTIFICADA;3;2025;R$ 5.869,43
354996;NAO IDENTIFICADA;3;2025;R$ 186.605,44
355691;NAO IDENTIFICADA;3;2025;R$ 4.740.695,81
356123;NAO IDENTIFICADA;3;2025;R$ 52.052,92
357022;NAO IDENTIFICADA;3;2025;R$ 514.047,22
357260;NAO IDENTIFICADA;3;2025;R$ 1.648.280,17
357391;NAO IDENTIFICADA;3;2025;R$ 1.459.999.048,20
357669;NAO IDENTIFICADA;3;2025;R$ 38.409,59
358088;NAO IDENTIFICADA;3;2025;R$ 1.466.379,65
358096;NAO IDENTIFICADA;3;2025;R$ 676.779,99
359661;NAO IDENTIFICADA;3;2025;R$ 11.806.347,75
360244;NAO IDENTIFICADA;3;2025;R$ 503.113,49
360449;NAO IDENTIFICADA;3;2025;R$ 757.757,99
360783;NAO IDENTIFICADA;3;2025;R$ 10.091.479,91
361461;NAO IDENTIFICADA;3;2025;R$ 60.862.057,42
361615;NAO IDENTIFICADA;3;2025;R$ 82.449.193,43
362140;NAO IDENTIFICADA;3;2025;R$ 68.025.380,83
363391;NAO IDENTIFICADA;3;2025;R$ 687.674,40
364312;NAO IDENTIFICADA;3;2025;R$ 262.206.415,06
365238;NAO IDENTIFICADA;3;2025;R$ 599.169,29
366064;NAO IDENTIFICADA;3;2025;R$ 54.061.586,04
366439;NAO IDENTIFICADA;3;2025;R$ 392.351,99
366561;NAO IDENTIFICADA;3;2025;R$ 5.736.351,91
368253;NAO IDENTIFICADA;3;2025;R$ 76.665,95
369292;NAO IDENTIFICADA;3;2025;R$ 282.111.797,35
369659;NAO IDENTIFICADA;3;2025;R$ 10.845.846,71
370070;NAO IDENTIFICADA;3;2025;R$ 386.181.669,87
370711;NAO IDENTIFICADA;3;2025;R$ 7.890,08
379280;NAO IDENTIFICADA;3;2025;R$ 479.982,55
350648;NAO IDENTIFICADA;3;2025;R$ 26.327.135,45
352519;NAO IDENTIFICADA;3;2025;R$ 369.622,37
353876;NAO IDENTIFICADA;3;2025;R$ 352.310,67
354066;NAO IDENTIFICADA;3;2025;R$ 6.954.938,73
354627;NAO IDENTIFICADA;3;2025;R$ 1.366.476,52
354783;NAO IDENTIFICADA;3;2025;R$ 2.553.146,36
355097;NAO IDENTIFICADA;3;2025;R$ 135.091,57
355577;NAO IDENTIFICADA;3;2025;R$ 54.301.537,18
358754;NAO IDENTIFICADA;3;2025;R$ 276.917,96
359033;NAO IDENTIFICADA;3;2025;R$ 80.645,64
365777;NAO IDENTIFICADA;3;2025;R$ 2.075.244,91
367613;NAO IDENTIFICADA;3;2025;R$ 7.269.409,53
418170;NAO IDENTIFICADA;3;2025;R$ 268.808.689,39
418374;NAO IDENTIFICADA;3;2025;R$ 69.703.213,56
418587;NAO IDENTIFICADA;3;2025;R$ 13.242,16
418731;NAO IDENTIFICADA;3;2025;R$ 1.645.319,15
419133;NAO IDENTIFICADA;3;2025;R$ 36.458.743,22
419249;NAO IDENTIFICADA;3;2025;R$ 1.060.336,74
379956;NAO IDENTIFICADA;3;2025;R$ 1.779.106.041,96
382540;NAO IDENTIFICADA;3;2025;R$ 80.824.158,13
382876;NAO IDENTIFICADA;3;2025;R$ 276.922.115,25
385255;NAO IDENTIFICADA;3;2025;R$ 115.426.707,23
385697;NAO IDENTIFICADA;3;2025;R$ 5.989.190,00
386596;NAO IDENTIFICADA;3;2025;R$ 85.369.517,26
389358;NAO IDENTIFICADA;3;2025;R$ 581.428,77
392804;NAO IDENTIFICADA;3;2025;R$ 610.187,75
397245;NAO IDENTIFICADA;3;2025;R$ 825.783,87
402001;NAO IDENTIFICADA;3;2025;R$ 7.951.592,60
406481;NAO IDENTIFICADA;3;2025;R$ 94.180,89
406813;NAO IDENTIFICADA;3;2025;R$ 1.172,30
407224;NAO IDENTIFICADA;3;2025;R$ 1.921.811,51
408093;NAO IDENTIFICADA;3;2025;R$ 56.970,18
409286;NAO IDENTIFICADA;3;2025;R$ 99.065,42
410110;NAO IDENTIFICADA;3;2025;R$ 693.759,77
410624;NAO IDENTIFICADA;3;2025;R$ 741.933,93
412252;NAO IDENTIFICADA;3;2025;R$ 20.458.473,34
413160;NAO IDENTIFICADA;3;2025;R$ 140.203,23
413372;NAO IDENTIFICADA;3;2025;R$ 771.258,50
414310;NAO IDENTIFICADA;3;2025;R$ 3.111.756,25
414492;NAO IDENTIFICADA;3;2025;R$ 391.444,27
414654;NAO IDENTIFICADA;3;2025;R$ 4.822.198,62
414905;NAO IDENTIFICADA;3;2025;R$ 45.011.721,09
417173;NAO IDENTIFICADA;3;2025;R$ 3.813.321,51
417491;NAO IDENTIFICADA;3;2025;R$ 44.057,48
417548;NAO IDENTIFICADA;3;2025;R$ 2.009.519,20
418919;NAO IDENTIFICADA;3;2025;R$ 2.222.148,04
384704;NAO IDENTIFICADA;3;2025;R$ 27.275,43
406937;NAO IDENTIFICADA;3;2025;R$ 13.390.535,19
411752;NAO IDENTIFICADA;3;2025;R$ 5.331.498,45
411809;NAO IDENTIFICADA;3;2025;R$ 635.094,06
413721;NAO IDENTIFICADA;3;2025;R$ 668.313,83
414662;NAO IDENTIFICADA;3;2025;R$ 227.323,99
415081;NAO IDENTIFICADA;3;2025;R$ 56.980,97
415693;NAO IDENTIFICADA;3;2025;R$ 764.122,90
416738;NAO IDENTIFICADA;3;2025;R$ 1.036.393,80
417092;NAO IDENTIFICADA;3;2025;R$ 5,38
417831;NAO IDENTIFICADA;3;2025;R$ 29.960,03
417947;NAO IDENTIFICADA;3;2025;R$ 98.194.437,41
418226;NAO IDENTIFICADA;3;2025;R$ 9.250,22
418501;NAO IDENTIFICADA;3;2025;R$ 79,11
418617;NAO IDENTIFICADA;3;2025;R$ 4.273.856,50
418803;NAO IDENTIFICADA;3;2025;R$ 1.192.413,95
419052;NAO IDENTIFICADA;3;2025;R$ 95.054,60
419141;NAO IDENTIFICADA;3;2025;R$ 2.865.839,85
384577;NAO IDENTIFICADA;3;2025;R$ 4.788.788,82
386901;NAO IDENTIFICADA;3;2025;R$ 1.131.818,18
394734;NAO IDENTIFICADA;3;2025;R$ 256.842,10
402966;NAO IDENTIFICADA;3;2025;R$ 18.469.462,69
408522;NAO IDENTIFICADA;3;2025;R$ 277.969,45
409413;NAO IDENTIFICADA;3;2025;R$ 97.797,24
410128;NAO IDENTIFICADA;3;2025;R$ 20.357,64
411248;NAO IDENTIFICADA;3;2025;R$ 111.560,78
411868;NAO IDENTIFICADA;3;2025;R$ 6.868.971,96
412635;NAO IDENTIFICADA;3;2025;R$ 449.532,28
413283;NAO IDENTIFICADA;3;2025;R$ 10.977,87
413518;NAO IDENTIFICADA;3;2025;R$ 28.593,56
414352;NAO IDENTIFICADA;3;2025;R$ 1.391.965,47
414573;NAO IDENTIFICADA;3;2025;R$ 5.339.574,90
415774;NAO IDENTIFICADA;3;2025;R$ 122.058.146,56
416410;NAO IDENTIFICADA;3;2025;R$ 1.125,52
416428;NAO IDENTIFICADA;3;2025;R$ 11.772.429,06
416568;NAO IDENTIFICADA;3;2025;R$ 458.148,43
417599;NAO IDENTIFICADA;3;2025;R$ 148.986,70
418129;NAO IDENTIFICADA;3;2025;R$ 4.992,10
382655;NAO IDENTIFICADA;3;2025;R$ 763.078,62
386588;NAO IDENTIFICADA;3;2025;R$ 8.151.479,32
390259;NAO IDENTIFICADA;3;2025;R$ 69.320,61
401480;NAO IDENTIFICADA;3;2025;R$ 40.232,47
406554;NAO IDENTIFICADA;3;2025;R$ 107.815.721,09
406945;NAO IDENTIFICADA;3;2025;R$ 833.979,92
410292;NAO IDENTIFICADA;3;2025;R$ 12.501,45
414026;NAO IDENTIFICADA;3;2025;R$ 687.427,46
414689;NAO IDENTIFICADA;3;2025;R$ 5.669,20
415014;NAO IDENTIFICADA;3;2025;R$ 767.537,81
416398;NAO IDENTIFICADA;3;2025;R$ 5.012,61
417840;NAO IDENTIFICADA;3;2025;R$ 177.380,72
418072;NAO IDENTIFICADA;3;2025;R$ 270.195,06
418218;NAO IDENTIFICADA;3;2025;R$ 127.252,32
418749;NAO IDENTIFICADA;3;2025;R$ 21.171,66
419028;NAO IDENTIFICADA;3;2025;R$ 2.384.196,45
380661;NAO IDENTIFICADA;3;2025;R$ 2.222.417,43
389854;NAO IDENTIFICADA;3;2025;R$ 254.267,96
393533;NAO IDENTIFICADA;3;2025;R$ 6.428.712,12
401081;NAO IDENTIFICADA;3;2025;R$ 2.467.679,41
407534;NAO IDENTIFICADA;3;2025;R$ 2.049.742,37
408263;NAO IDENTIFICADA;3;2025;R$ 7.845.656,88
409405;NAO IDENTIFICADA;3;2025;R$ 2.393.474,47
410888;NAO IDENTIFICADA;3;2025;R$ 23.680.208,32
411256;NAO IDENTIFICADA;3;2025;R$ 4.164.090,50
412295;NAO IDENTIFICADA;3;2025;R$ 48.791.665,88
413267;NAO IDENTIFICADA;3;2025;R$ 6.083,23
413429;NAO IDENTIFICADA;3;2025;R$ 14.680.517,09
414930;NAO IDENTIFICADA;3;2025;R$ 2.517.064,61
415944;NAO IDENTIFICADA;3;2025;R$ 2.926,68
415987;NAO IDENTIFICADA;3;2025;R$ 101.052,39
417106;NAO IDENTIFICADA;3;2025;R$ 1.845.486,19
419010;NAO IDENTIFICADA;3;2025;R$ 3.289.099,04
382639;NAO IDENTIFICADA;3;2025;R$ 1.793.692,40
407569;NAO IDENTIFICADA;3;2025;R$ 7.464,56
413747;NAO IDENTIFICADA;3;2025;R$ 3.003.964,17
417220;NAO IDENTIFICADA;3;2025;R$ 71.732,48
418021;NAO IDENTIFICADA;3;2025;R$ 137.993,54
418137;NAO IDENTIFICADA;3;2025;R$ 1.842.205,20
418285;NAO IDENTIFICADA;3;2025;R$ 90.617.076,63
418994;NAO IDENTIFICADA;3;2025;R$ 42.370,33
419150;NAO IDENTIFICADA;3;2025;R$ 6.270.027,65
382281;NAO IDENTIFICADA;3;2025;R$ 616.045,18
385620;NAO IDENTIFICADA;3;2025;R$ 33.809.968,08
388092;NAO IDENTIFICADA;3;2025;R$ 9.574.322,28
395480;NAO IDENTIFICADA;3;2025;R$ 400.250,41
406805;NAO IDENTIFICADA;3;2025;R$ 10.593,29
407011;NAO IDENTIFICADA;3;2025;R$ 27.477,11
409243;NAO IDENTIFICADA;3;2025;R$ 1.088.708,53
410608;NAO IDENTIFICADA;3;2025;R$ 3.583,29
412058;NAO IDENTIFICADA;3;2025;R$ 23.346.103,38
413330;NAO IDENTIFICADA;3;2025;R$ 33.366,83
413534;NAO IDENTIFICADA;3;2025;R$ 684.633.022,22
414581;NAO IDENTIFICADA;3;2025;R$ 146.566.920,35
414701;NAO IDENTIFICADA;3;2025;R$ 100.917,81
415910;NAO IDENTIFICADA;3;2025;R$ 1.842.852,61
416401;NAO IDENTIFICADA;3;2025;R$ 5.347.188,28
416690;NAO IDENTIFICADA;3;2025;R$ 987.376,60
417297;NAO IDENTIFICADA;3;2025;R$ 72.821.738,94
417475;NAO IDENTIFICADA;3;2025;R$ 79.472,78
417530;NAO IDENTIFICADA;3;2025;R$ 201.290,42
417815;NAO IDENTIFICADA;3;2025;R$ 34.749,39
418820;NAO IDENTIFICADA;3;2025;R$ 9.382,38
404241;NAO IDENTIFICADA;3;2025;R$ 23.068,18
408034;NAO IDENTIFICADA;3;2025;R$ 240.562,64
409791;NAO IDENTIFICADA;3;2025;R$ 3.717,86
412996;NAO IDENTIFICADA;3;2025;R$ 684.722,18
414212;NAO IDENTIFICADA;3;2025;R$ 593.845,90
415626;NAO IDENTIFICADA;3;2025;R$ 20.649.307,54
415936;NAO IDENTIFICADA;3;2025;R$ 10.985,07
416495;NAO IDENTIFICADA;3;2025;R$ 300.603,87
417661;NAO IDENTIFICADA;3;2025;R$ 49.256,01
417955;NAO IDENTIFICADA;3;2025;R$ 54.269.827,41
419079;NAO IDENTIFICADA;3;2025;R$ 688.871,20
403962;NAO IDENTIFICADA;3;2025;R$ 448.234,18
406635;NAO IDENTIFICADA;3;2025;R$ 158.941,93
408026;NAO IDENTIFICADA;3;2025;R$ 125.911,19
408794;NAO IDENTIFICADA;3;2025;R$ 1.253.143,08
411582;NAO IDENTIFICADA;3;2025;R$ 43.380.301,26
412759;NAO IDENTIFICADA;3;2025;R$ 9.723.735,94
414387;NAO IDENTIFICADA;3;2025;R$ 28.515,18
416584;NAO IDENTIFICADA;3;2025;R$ 184.968,90
417131;NAO IDENTIFICADA;3;2025;R$ 140.193,82
417505;NAO IDENTIFICADA;3;2025;R$ 418.903.169,71
409634;NAO IDENTIFICADA;3;2025;R$ 6.639.891,78
416801;NAO IDENTIFICADA;3;2025;R$ 67.040.518,67
418650;NAO IDENTIFICADA;3;2025;R$ 18.185.100,88
381144;NAO IDENTIFICADA;3;2025;R$ 55.116,20
387185;NAO IDENTIFICADA;3;2025;R$ 4.185,53
412015;NAO IDENTIFICADA;3;2025;R$ 273.090,99
415111;NAO IDENTIFICADA;3;2025;R$ 3.828.039,33
415243;NAO IDENTIFICADA;3;2025;R$ 34.556,80
415901;NAO IDENTIFICADA;3;2025;R$ 94.931,50
368920;NAO IDENTIFICADA;3;2025;R$ 1.489.313,07
370088;NAO IDENTIFICADA;3;2025;R$ 161.459,97
370975;NAO IDENTIFICADA;3;2025;R$ 39.065.238,89
371629;NAO IDENTIFICADA;3;2025;R$ 9.038.622,24
372561;NAO IDENTIFICADA;3;2025;R$ 5.306,00
350249;NAO IDENTIFICADA;3;2025;R$ 751.739,71
351202;NAO IDENTIFICADA;3;2025;R$ 615.005.472,58
352501;NAO IDENTIFICADA;3;2025;R$ 106.231.399,48
352683;NAO IDENTIFICADA;3;2025;R$ 299.200,93
353698;NAO IDENTIFICADA;3;2025;R$ 11.595,37
354031;NAO IDENTIFICADA;3;2025;R$ 2.951.711,80
354295;NAO IDENTIFICADA;3;2025;R$ 17.523.643,16
354562;NAO IDENTIFICADA;3;2025;R$ 437.810,19
354678;NAO IDENTIFICADA;3;2025;R$ 358.519,37
355151;NAO IDENTIFICADA;3;2025;R$ 220.144,05
355593;NAO IDENTIFICADA;3;2025;R$ 505.067,56
356417;NAO IDENTIFICADA;3;2025;R$ 925.905,02
357511;NAO IDENTIFICADA;3;2025;R$ 11.883.250,35
357715;NAO IDENTIFICADA;3;2025;R$ 2.963,22
359122;NAO IDENTIFICADA;3;2025;R$ 591.285,11
359777;NAO IDENTIFICADA;3;2025;R$ 7.668.076,17
361593;NAO IDENTIFICADA;3;2025;R$ 135.422,44
361941;NAO IDENTIFICADA;3;2025;R$ 236.584,82
362832;NAO IDENTIFICADA;3;2025;R$ 377.715,36
363286;NAO IDENTIFICADA;3;2025;R$ 382.927,01
364584;NAO IDENTIFICADA;3;2025;R$ 319.674.532,96
364860;NAO IDENTIFICADA;3;2025;R$ 132.279.478,68
366340;NAO IDENTIFICADA;3;2025;R$ 37.667.682,48
367087;NAO IDENTIFICADA;3;2025;R$ 2.612.972,34
367397;NAO IDENTIFICADA;3;2025;R$ 2.194.056,14
369411;NAO IDENTIFICADA;3;2025;R$ 580.978,76
370681;NAO IDENTIFICADA;3;2025;R$ 1.172.592,23
349682;NAO IDENTIFICADA;3;2025;R$ 1.008.315,99
350494;NAO IDENTIFICADA;3;2025;R$ 3.146.590,14
352314;NAO IDENTIFICADA;3;2025;R$ 4.015.244,21
353353;NAO IDENTIFICADA;3;2025;R$ 443.201,47
354279;NAO IDENTIFICADA;3;2025;R$ 688.878,69
355721;NAO IDENTIFICADA;3;2025;R$ 657.186.831,91
356581;NAO IDENTIFICADA;3;2025;R$ 1.790.432,96
358282;NAO IDENTIFICADA;3;2025;R$ 10.970.275,98
359017;NAO IDENTIFICADA;3;2025;R$ 351.417.307,22
361011;NAO IDENTIFICADA;3;2025;R$ 3.341.655,46
364070;NAO IDENTIFICADA;3;2025;R$ 21.611.615,58
365530;NAO IDENTIFICADA;3;2025;R$ 35.182.259,23
365785;NAO IDENTIFICADA;3;2025;R$ 8.825,23
368555;NAO IDENTIFICADA;3;2025;R$ 21.447.924,52
370592;NAO IDENTIFICADA;3;2025;R$ 361.344,39
371254;NAO IDENTIFICADA;3;2025;R$ 2.727.294,34
378216;NAO IDENTIFICADA;3;2025;R$ 110.923,86
348830;NAO IDENTIFICADA;3;2025;R$ 3.889.730,44
350371;NAO IDENTIFICADA;3;2025;R$ 216.000,57
352586;NAO IDENTIFICADA;3;2025;R$ 1.889,04
353264;NAO IDENTIFICADA;3;2025;R$ 1.593.315,40
356476;NAO IDENTIFICADA;3;2025;R$ 23.658,11
360414;NAO IDENTIFICADA;3;2025;R$ 650.140,53
362573;NAO IDENTIFICADA;3;2025;R$ 3.529.325,07
367095;NAO IDENTIFICADA;3;2025;R$ 939.594,17
368148;NAO IDENTIFICADA;3;2025;R$ 52.945.778,15
373109;NAO IDENTIFICADA;3;2025;R$ 574.403,95
374440;NAO IDENTIFICADA;3;2025;R$ 26.035.595,41
352179;NAO IDENTIFICADA;3;2025;R$ 445.199,92
354511;NAO IDENTIFICADA;3;2025;R$ 25.980,29
361569;NAO IDENTIFICADA;3;2025;R$ 246.302,93
363189;NAO IDENTIFICADA;3;2025;R$ 96.658,28
363855;NAO IDENTIFICADA;3;2025;R$ 909.213,92
351776;NAO IDENTIFICADA;3;2025;R$ 21.770.578,56
364592;NAO IDENTIFICADA;3;2025;R$ 215.837,13
350346;NAO IDENTIFICADA;3;2025;R$ 451.629,87
358339;NAO IDENTIFICADA;3;2025;R$ 18.736,66
350699;NAO IDENTIFICADA;3;2025;R$ 1.521.061,60
352543;NAO IDENTIFICADA;3;2025;R$ 1.003.334,46
354619;NAO IDENTIFICADA;3;2025;R$ 109.167,20
358053;NAO IDENTIFICADA;3;2025;R$ 91.183,36
345091;NAO IDENTIFICADA;3;2025;R$ 50.316.354,72
345741;NAO IDENTIFICADA;3;2025;R$ 1.856.157,66
346659;NAO IDENTIFICADA;3;2025;R$ 5.933.317.383,63
347108;NAO IDENTIFICADA;3;2025;R$ 3.603.417,80
347655;NAO IDENTIFICADA;3;2025;R$ 238.483,30
347825;NAO IDENTIFICADA;3;2025;R$ 2.456,01
348180;NAO IDENTIFICADA;3;2025;R$ 286.564.805,93
348261;NAO IDENTIFICADA;3;2025;R$ 8.778,76
327417;NAO IDENTIFICADA;3;2025;R$ 41.413.555,47
328294;NAO IDENTIFICADA;3;2025;R$ 77.193.648,87
328375;NAO IDENTIFICADA;3;2025;R$ 46.266,05
330264;NAO IDENTIFICADA;3;2025;R$ 23.331.461,88
330892;NAO IDENTIFICADA;3;2025;R$ 762.365,93
333662;NAO IDENTIFICADA;3;2025;R$ 138.893.757,31
335592;NAO IDENTIFICADA;3;2025;R$ 864.354.593,27
335789;NAO IDENTIFICADA;3;2025;R$ 50,27
336467;NAO IDENTIFICADA;3;2025;R$ 108.505,47
337668;NAO IDENTIFICADA;3;2025;R$ 405.431.554,69
338346;NAO IDENTIFICADA;3;2025;R$ 595.421,05
341819;NAO IDENTIFICADA;3;2025;R$ 111.496,46
342131;NAO IDENTIFICADA;3;2025;R$ 33.271.766,77
342556;NAO IDENTIFICADA;3;2025;R$ 1.279.129,99
343153;NAO IDENTIFICADA;3;2025;R$ 9.013.214,17
343684;NAO IDENTIFICADA;3;2025;R$ 93.066,18
343731;NAO IDENTIFICADA;3;2025;R$ 5.042.888,74
344362;NAO IDENTIFICADA;3;2025;R$ 812.244,08
346209;NAO IDENTIFICADA;3;2025;R$ 86.736.471,66
331341;NAO IDENTIFICADA;3;2025;R$ 172.182.117,04
334243;NAO IDENTIFICADA;3;2025;R$ 526.702,85
335258;NAO IDENTIFICADA;3;2025;R$ 17.130.658,61
340162;NAO IDENTIFICADA;3;2025;R$ 1.827.047,00
340782;NAO IDENTIFICADA;3;2025;R$ 557.379.598,59
343404;NAO IDENTIFICADA;3;2025;R$ 780,17
347795;NAO IDENTIFICADA;3;2025;R$ 4.489.685,47
325465;NAO IDENTIFICADA;3;2025;R$ 46.734,71
326500;NAO IDENTIFICADA;3;2025;R$ 435.659,08
327638;NAO IDENTIFICADA;3;2025;R$ 14.158.542,98
330809;NAO IDENTIFICADA;3;2025;R$ 71.684.442,83
333867;NAO IDENTIFICADA;3;2025;R$ 1.455.852,80
335517;NAO IDENTIFICADA;3;2025;R$ 63.938.499,39
336858;NAO IDENTIFICADA;3;2025;R$ 72.329.783,97
343331;NAO IDENTIFICADA;3;2025;R$ 61.248.746,56
344451;NAO IDENTIFICADA;3;2025;R$ 80.014,48
346004;NAO IDENTIFICADA;3;2025;R$ 15.085.246,81
347604;NAO IDENTIFICADA;3;2025;R$ 1.347.012,17
327328;NAO IDENTIFICADA;3;2025;R$ 8.389,00
335657;NAO IDENTIFICADA;3;2025;R$ 96.739,58
343129;NAO IDENTIFICADA;3;2025;R$ 22.051.865,38
344184;NAO IDENTIFICADA;3;2025;R$ 3.279.364,79
335754;NAO IDENTIFICADA;3;2025;R$ 83.442.675,51
515;NAO IDENTIFICADA;3;2025;R$ 4.974.536,27
582;NAO IDENTIFICADA;3;2025;R$ 7.863.434,78
418552;NAO IDENTIFICADA;3;2025;R$ 321.737,76
419281;NAO IDENTIFICADA;3;2025;R$ 36.063,69
413551;NAO IDENTIFICADA;3;2025;R$ 310.217,80
415065;NAO IDENTIFICADA;3;2025;R$ 5.168,63
6246;NAO IDENTIFICADA;3;2025;R$ 150.109.755,79
300136;NAO IDENTIFICADA;3;2025;R$ 1.244.386,03
300713;NAO IDENTIFICADA;3;2025;R$ 1.682.875,86
301060;NAO IDENTIFICADA;3;2025;R$ 160.664,22
301124;NAO IDENTIFICADA;3;2025;R$ 26.502.244,00
302147;NAO IDENTIFICADA;3;2025;R$ 23.755.366,84
302228;NAO IDENTIFICADA;3;2025;R$ 30.899,30
301728;NAO IDENTIFICADA;3;2025;R$ 1.656.048,68
301574;NAO IDENTIFICADA;3;2025;R$ 162.238,63
701;NAO IDENTIFICADA;3;2025;R$ 3.977.157.127,83
5711;NAO IDENTIFICADA;3;2025;R$ 132.262.976,44
300730;NAO IDENTIFICADA;3;2025;R$ 2.633.813,12
301744;NAO IDENTIFICADA;3;2025;R$ 2.015.408,62
301949;NAO IDENTIFICADA;3;2025;R$ 1.086.393,36
321125;NAO IDENTIFICADA;3;2025;R$ 15.212.795,95
322571;NAO IDENTIFICADA;3;2025;R$ 2.089.234,98
323004;NAO IDENTIFICADA;3;2025;R$ 77.280,11
323080;NAO IDENTIFICADA;3;2025;R$ 19.111.522,22
323357;NAO IDENTIFICADA;3;2025;R$ 13.819.415,07
323993;NAO IDENTIFICADA;3;2025;R$ 1.744.058,31
324175;NAO IDENTIFICADA;3;2025;R$ 12.706,11
324345;NAO IDENTIFICADA;3;2025;R$ 103.881,25
324493;NAO IDENTIFICADA;3;2025;R$ 8.605.000,84
302953;NAO IDENTIFICADA;3;2025;R$ 1.123.643,24
303267;NAO IDENTIFICADA;3;2025;R$ 962.111,79
303844;NAO IDENTIFICADA;3;2025;R$ 11.483.881,35
304344;NAO IDENTIFICADA;3;2025;R$ 23.575,53
304468;NAO IDENTIFICADA;3;2025;R$ 2.428.302,30
304531;NAO IDENTIFICADA;3;2025;R$ 46.272,84
304883;NAO IDENTIFICADA;3;2025;R$ 180.572.744,36
305626;NAO IDENTIFICADA;3;2025;R$ 719.390,78
306126;NAO IDENTIFICADA;3;2025;R$ 39.034,18
306398;NAO IDENTIFICADA;3;2025;R$ 445.493.766,69
306762;NAO IDENTIFICADA;3;2025;R$ 129.467.491,40
307319;NAO IDENTIFICADA;3;2025;R$ 5.916.465,93
309222;NAO IDENTIFICADA;3;2025;R$ 1.590.274.861,63
309907;NAO IDENTIFICADA;3;2025;R$ 428,00
310239;NAO IDENTIFICADA;3;2025;R$ 18.135.913,58
310522;NAO IDENTIFICADA;3;2025;R$ 75.050,33
311146;NAO IDENTIFICADA;3;2025;R$ 47.025.844,27
311715;NAO IDENTIFICADA;3;2025;R$ 111.417.356,19
312126;NAO IDENTIFICADA;3;2025;R$ 1.695.873.845,46
312363;NAO IDENTIFICADA;3;2025;R$ 1.379.512,33
312720;NAO IDENTIFICADA;3;2025;R$ 1.937.647,37
313475;NAO IDENTIFICADA;3;2025;R$ 57.975,57
314242;NAO IDENTIFICADA;3;2025;R$ 51.262,28
314587;NAO IDENTIFICADA;3;2025;R$ 378.193,04
314781;NAO IDENTIFICADA;3;2025;R$ 24.173,75
315583;NAO IDENTIFICADA;3;2025;R$ 2.719.380,01
315729;NAO IDENTIFICADA;3;2025;R$ 478.871.009,48
316148;NAO IDENTIFICADA;3;2025;R$ 558.531,58
317012;NAO IDENTIFICADA;3;2025;R$ 3.056.529,83
318388;NAO IDENTIFICADA;3;2025;R$ 926.598,27
318566;NAO IDENTIFICADA;3;2025;R$ 107.467.350,44
319708;NAO IDENTIFICADA;3;2025;R$ 203.162.269,55
320706;NAO IDENTIFICADA;3;2025;R$ 2.563.992,81
320838;NAO IDENTIFICADA;3;2025;R$ 776.790,64
303623;NAO IDENTIFICADA;3;2025;R$ 382.067,97
304701;NAO IDENTIFICADA;3;2025;R$ 37.290.585,12
305472;NAO IDENTIFICADA;3;2025;R$ 24.507,14
311375;NAO IDENTIFICADA;3;2025;R$ 639.801,56
311618;NAO IDENTIFICADA;3;2025;R$ 1.150.256,15
312851;NAO IDENTIFICADA;3;2025;R$ 645.709.368,46
314099;NAO IDENTIFICADA;3;2025;R$ 163.903.679,15
315478;NAO IDENTIFICADA;3;2025;R$ 993.059,20
316881;NAO IDENTIFICADA;3;2025;R$ 4.850.581,41
318035;NAO IDENTIFICADA;3;2025;R$ 2.144.360,78
319384;NAO IDENTIFICADA;3;2025;R$ 1.755.165,18
320251;NAO IDENTIFICADA;3;2025;R$ 7.806.729,37
321087;NAO IDENTIFICADA;3;2025;R$ 44.163.540,23
321338;NAO IDENTIFICADA;3;2025;R$ 1.638.894,53
323942;NAO IDENTIFICADA;3;2025;R$ 1.581.920,16
324299;NAO IDENTIFICADA;3;2025;R$ 176.043,71
324477;NAO IDENTIFICADA;3;2025;R$ 276.193,93
302627;NAO IDENTIFICADA;3;2025;R$ 32.103.820,24
303178;NAO IDENTIFICADA;3;2025;R$ 53.283.704,84
303356;NAO IDENTIFICADA;3;2025;R$ 3.696.353,10
304051;NAO IDENTIFICADA;3;2025;R$ 5.919.068,24
304212;NAO IDENTIFICADA;3;2025;R$ 13.298.791,72
305421;NAO IDENTIFICADA;3;2025;R$ 21.165,12
306886;NAO IDENTIFICADA;3;2025;R$ 19.710.279,85
308811;NAO IDENTIFICADA;3;2025;R$ 133.721,71
310247;NAO IDENTIFICADA;3;2025;R$ 207.270.429,13
311359;NAO IDENTIFICADA;3;2025;R$ 286.883,36
312347;NAO IDENTIFICADA;3;2025;R$ 109.159.899,34
312592;NAO IDENTIFICADA;3;2025;R$ 979.027,52
313084;NAO IDENTIFICADA;3;2025;R$ 14.005,59
313211;NAO IDENTIFICADA;3;2025;R$ 406.064,32
314706;NAO IDENTIFICADA;3;2025;R$ 178.375,68
315265;NAO IDENTIFICADA;3;2025;R$ 1.030.659,12
315567;NAO IDENTIFICADA;3;2025;R$ 94.765,82
315796;NAO IDENTIFICADA;3;2025;R$ 360.509,79
316997;NAO IDENTIFICADA;3;2025;R$ 4.987.558,38
317144;NAO IDENTIFICADA;3;2025;R$ 1.994.659.926,54
317896;NAO IDENTIFICADA;3;2025;R$ 4.274.929,07
318213;NAO IDENTIFICADA;3;2025;R$ 34.893.158,75
319180;NAO IDENTIFICADA;3;2025;R$ 1.453.952,01
319996;NAO IDENTIFICADA;3;2025;R$ 939.046.852,29
320510;NAO IDENTIFICADA;3;2025;R$ 20.458.826,55
320820;NAO IDENTIFICADA;3;2025;R$ 6.402.889,27
320897;NAO IDENTIFICADA;3;2025;R$ 7.906,37
321931;NAO IDENTIFICADA;3;2025;R$ 209.393,55
304441;NAO IDENTIFICADA;3;2025;R$ 2.559.433,75
306100;NAO IDENTIFICADA;3;2025;R$ 118.061.681,95
311472;NAO IDENTIFICADA;3;2025;R$ 301.235,70
314366;NAO IDENTIFICADA;3;2025;R$ 588.719,26
316873;NAO IDENTIFICADA;3;2025;R$ 3.552.581,84
321320;NAO IDENTIFICADA;3;2025;R$ 22.893.415,38
322890;NAO IDENTIFICADA;3;2025;R$ 12.317,44
323055;NAO IDENTIFICADA;3;2025;R$ 46.354.582,89
324159;NAO IDENTIFICADA;3;2025;R$ 54.613.917,90
304395;NAO IDENTIFICADA;3;2025;R$ 109.239,02
306754;NAO IDENTIFICADA;3;2025;R$ 8.906,28
309087;NAO IDENTIFICADA;3;2025;R$ 8.131.660,24
311847;NAO IDENTIFICADA;3;2025;R$ 265.639.407,10
311961;NAO IDENTIFICADA;3;2025;R$ 222.148,70
313971;NAO IDENTIFICADA;3;2025;R$ 36.918.032,69
315044;NAO IDENTIFICADA;3;2025;R$ 104.174.623,96
319121;NAO IDENTIFICADA;3;2025;R$ 4.771.354,71
319422;NAO IDENTIFICADA;3;2025;R$ 64.092.576,87
304484;NAO IDENTIFICADA;3;2025;R$ 44.978.313,99
311057;NAO IDENTIFICADA;3;2025;R$ 272.538,71
311391;NAO IDENTIFICADA;3;2025;R$ 8.234.286,75
316849;NAO IDENTIFICADA;3;2025;R$ 297.977,80
318477;NAO IDENTIFICADA;3;2025;R$ 69.569.180,54
419354;NAO IDENTIFICADA;3;2025;R$ 267.253,68
419486;NAO IDENTIFICADA;3;2025;R$ 1.679.633,05
419591;NAO IDENTIFICADA;3;2025;R$ 4.566.553,13
419958;NAO IDENTIFICADA;3;2025;R$ 23.951,77
420077;NAO IDENTIFICADA;3;2025;R$ 226.608.243,97
420158;NAO IDENTIFICADA;3;2025;R$ 3.224.653,43
421197;NAO IDENTIFICADA;3;2025;R$ 1.284.127,57
421367;NAO IDENTIFICADA;3;2025;R$ 3.596.259,87
421634;NAO IDENTIFICADA;3;2025;R$ 345.180,39
421928;NAO IDENTIFICADA;3;2025;R$ 350.509.294,33
422088;NAO IDENTIFICADA;3;2025;R$ 712.916,59
422304;NAO IDENTIFICADA;3;2025;R$ 119.145,07
422321;NAO IDENTIFICADA;3;2025;R$ 2.648.753,17
422720;NAO IDENTIFICADA;3;2025;R$ 10.897.035,53
423441;NAO IDENTIFICADA;3;2025;R$ 413.791,57
423629;NAO IDENTIFICADA;3;2025;R$ 6.118.876,92
423815;NAO IDENTIFICADA;3;2025;R$ 11.264,22
424048;NAO IDENTIFICADA;3;2025;R$ 326.710,43
420816;NAO IDENTIFICADA;3;2025;R$ 26.797,73
421006;NAO IDENTIFICADA;3;2025;R$ 89.242,04
421723;NAO IDENTIFICADA;3;2025;R$ 25.947,08
422827;NAO IDENTIFICADA;3;2025;R$ 517.358,02
423645;NAO IDENTIFICADA;3;2025;R$ 44.043,86
424188;NAO IDENTIFICADA;3;2025;R$ 37.752.699,24
424463;NAO IDENTIFICADA;3;2025;R$ 4.863,37
339458;NAO IDENTIFICADA;3;2025;R$ 376.862,75
321273;NAO IDENTIFICADA;3;2025;R$ 9.675.078,28
321958;NAO IDENTIFICADA;3;2025;R$ 1.263.302,78
323926;NAO IDENTIFICADA;3;2025;R$ 726.974,56
324523;NAO IDENTIFICADA;3;2025;R$ 34.395,00
303976;NAO IDENTIFICADA;3;2025;R$ 8.103.521,51
304123;NAO IDENTIFICADA;3;2025;R$ 487.791,89
305928;NAO IDENTIFICADA;3;2025;R$ 113.506,87
309028;NAO IDENTIFICADA;3;2025;R$ 16.356.600,18
311944;NAO IDENTIFICADA;3;2025;R$ 24.707.811,03
313149;NAO IDENTIFICADA;3;2025;R$ 561.361,97
314251;NAO IDENTIFICADA;3;2025;R$ 102.916,01
320862;NAO IDENTIFICADA;3;2025;R$ 2.790.929,91
321044;NAO IDENTIFICADA;3;2025;R$ 6.165.462,07
322831;NAO IDENTIFICADA;3;2025;R$ 6.780,65
311294;NAO IDENTIFICADA;3;2025;R$ 510.864,65
312282;NAO IDENTIFICADA;3;2025;R$ 747.927,53
313751;NAO IDENTIFICADA;3;2025;R$ 2.687.872,41
317233;NAO IDENTIFICADA;3;2025;R$ 767.681,88
322326;NAO IDENTIFICADA;3;2025;R$ 89.668,45
323268;NAO IDENTIFICADA;3;2025;R$ 286.915.922,52
324213;NAO IDENTIFICADA;3;2025;R$ 854.616,06
324361;NAO IDENTIFICADA;3;2025;R$ 1.484.890,48
303739;NAO IDENTIFICADA;3;2025;R$ 157.841.647,66
304131;NAO IDENTIFICADA;3;2025;R$ 352,10
305227;NAO IDENTIFICADA;3;2025;R$ 2.733.712,94
307751;NAO IDENTIFICADA;3;2025;R$ 326.333,63
309524;NAO IDENTIFICADA;3;2025;R$ 23.111.335,03
314218;NAO IDENTIFICADA;3;2025;R$ 516.405.096,06
314315;NAO IDENTIFICADA;3;2025;R$ 10.293.846,15
314668;NAO IDENTIFICADA;3;2025;R$ 148.548.328,77
315648;NAO IDENTIFICADA;3;2025;R$ 3.104.478,47
316458;NAO IDENTIFICADA;3;2025;R$ 230.700,91
316903;NAO IDENTIFICADA;3;2025;R$ 26.564,86
317632;NAO IDENTIFICADA;3;2025;R$ 255.626.466,56
315494;NAO IDENTIFICADA;3;2025;R$ 28.900.581,13
306045;NAO IDENTIFICADA;3;2025;R$ 95.598,36
310981;NAO IDENTIFICADA;3;2025;R$ 10.135.635,36
319872;NAO IDENTIFICADA;3;2025;R$ 3.253.866,41
329355;NAO IDENTIFICADA;3;2025;R$ 447.294,03
351270;NAO IDENTIFICADA;3;2025;R$ 36.988,44
357138;NAO IDENTIFICADA;3;2025;R$ 1.845,45
420786;NAO IDENTIFICADA;3;2025;R$ 3.473.251,08
421189;NAO IDENTIFICADA;3;2025;R$ 3.065.643,56
421618;NAO IDENTIFICADA;3;2025;R$ 2.668,78
421731;NAO IDENTIFICADA;3;2025;R$ 45.501,99
422070;NAO IDENTIFICADA;3;2025;R$ 46.688.913,46
422371;NAO IDENTIFICADA;3;2025;R$ 2.314.088,29
422487;NAO IDENTIFICADA;3;2025;R$ 7.198.961,15
422681;NAO IDENTIFICADA;3;2025;R$ 46.869,31
422959;NAO IDENTIFICADA;3;2025;R$ 63.073,89
423203;NAO IDENTIFICADA;3;2025;R$ 2.751.278,58
423351;NAO IDENTIFICADA;3;2025;R$ 15.808.784,23
423432;NAO IDENTIFICADA;3;2025;R$ 2.026.350,15
424170;NAO IDENTIFICADA;3;2025;R$ 424.824,08
422771;NAO IDENTIFICADA;3;2025;R$ 57.822.769,66
423912;NAO IDENTIFICADA;3;2025;R$ 8.160,00
884;NAO IDENTIFICADA;3;2025;R$ 771.688,10
402206;NAO IDENTIFICADA;3;2025;R$ 1.490,09
416525;NAO IDENTIFICADA;3;2025;R$ 746.336,29
417211;NAO IDENTIFICADA;3;2025;R$ 6.427.353,76
358436;NAO IDENTIFICADA;3;2025;R$ 31.472,12
365645;NAO IDENTIFICADA;3;2025;R$ 804.226,48
419419;NAO IDENTIFICADA;3;2025;R$ 10.526,36
419516;NAO IDENTIFICADA;3;2025;R$ 76.041,04
419699;NAO IDENTIFICADA;3;2025;R$ 29.946.522,91
420085;NAO IDENTIFICADA;3;2025;R$ 1.516.878,14
421642;NAO IDENTIFICADA;3;2025;R$ 54.436,68
422029;NAO IDENTIFICADA;3;2025;R$ 3.525.428,04
422339;NAO IDENTIFICADA;3;2025;R$ 74.726,75
422398;NAO IDENTIFICADA;3;2025;R$ 66.717.064,62
422584;NAO IDENTIFICADA;3;2025;R$ 21.047.177,99
422746;NAO IDENTIFICADA;3;2025;R$ 275.343,73
422835;NAO IDENTIFICADA;3;2025;R$ 223.141,31
423262;NAO IDENTIFICADA;3;2025;R$ 37.538,31
423319;NAO IDENTIFICADA;3;2025;R$ 4.542,83
423408;NAO IDENTIFICADA;3;2025;R$ 1.088,94
419974;NAO IDENTIFICADA;3;2025;R$ 18.480,00
420093;NAO IDENTIFICADA;3;2025;R$ 15.075,32
420166;NAO IDENTIFICADA;3;2025;R$ 297.663,03
421715;NAO IDENTIFICADA;3;2025;R$ 1.065.693,77
420981;NAO IDENTIFICADA;3;2025;R$ 127.877,81
421944;NAO IDENTIFICADA;3;2025;R$ 1.440.813,88
420841;NAO IDENTIFICADA;3;2025;R$ 4.454,88
419753;NAO IDENTIFICADA;3;2025;R$ 55.910,63
421341;NAO IDENTIFICADA;3;2025;R$ 449.735,10
421421;NAO IDENTIFICADA;3;2025;R$ 41.320,99
421766;NAO IDENTIFICADA;3;2025;R$ 3.904,27
423548;NAO IDENTIFICADA;3;2025;R$ 797.133,95
423661;NAO IDENTIFICADA;3;2025;R$ 15.323.054,40
422592;NAO IDENTIFICADA;3;2025;R$ 28.773,71
422754;NAO IDENTIFICADA;3;2025;R$ 369.520,37
423173;NAO IDENTIFICADA;3;2025;R$ 355.423,34
419427;NAO IDENTIFICADA;3;2025;R$ 1.771.805,95
419851;NAO IDENTIFICADA;3;2025;R$ 8.522.173,47
420000;NAO IDENTIFICADA;3;2025;R$ 374.621,69
420123;NAO IDENTIFICADA;3;2025;R$ 5.778,97
420701;NAO IDENTIFICADA;3;2025;R$ 27.662.722,82
420930;NAO IDENTIFICADA;3;2025;R$ 694.498,78
421359;NAO IDENTIFICADA;3;2025;R$ 12.024.314,37
421561;NAO IDENTIFICADA;3;2025;R$ 611.619,34
421871;NAO IDENTIFICADA;3;2025;R$ 7.817.305,87
422134;NAO IDENTIFICADA;3;2025;R$ 363.846,85
422151;NAO IDENTIFICADA;3;2025;R$ 427.573,41
422355;NAO IDENTIFICADA;3;2025;R$ 2.262.236,46
423572;NAO IDENTIFICADA;3;2025;R$ 1.558.567,99
423718;NAO IDENTIFICADA;3;2025;R$ 4.201.444,91
420271;NAO IDENTIFICADA;3;2025;R$ 13.415.598,62
421154;NAO IDENTIFICADA;3;2025;R$ 40.517.696,70
422053;NAO IDENTIFICADA;3;2025;R$ 16.292.567,12
422479;NAO IDENTIFICADA;3;2025;R$ 34.873,25
422762;NAO IDENTIFICADA;3;2025;R$ 77.940,82
422941;NAO IDENTIFICADA;3;2025;R$ 2.840,00
423181;NAO IDENTIFICADA;3;2025;R$ 25.601,55
423335;NAO IDENTIFICADA;3;2025;R$ 40.609.005,87
423564;NAO IDENTIFICADA;3;2025;R$ 5.339,98
419524;NAO IDENTIFICADA;3;2025;R$ 167.719,94
422631;NAO IDENTIFICADA;3;2025;R$ 1.374.855,68
423700;NAO IDENTIFICADA;3;2025;R$ 90.808,70
